Workbook
Name CARREAUX_S1: Parametres!$C$106
Name CHAUX_M2_KG: Parametres!$C$102
Name CHEVRON_TRAV_V1: Parametres!$C$86
Name CIMENT_COLLE_KGM2: Parametres!$C$104
Name CLOUS_CHARPENTE_KGM3: Parametres!$C$94
Name CLOUS_COFFRAGE_KGM2: Parametres!$C$93
Name CLOUS_COUVERTURE_KGM2: Parametres!$C$95
Name COEF_GRAVIER_VOL: Parametres!$C$11
Name COEF_SABLE_MORTIER: Parametres!$C$18
Name COEF_SABLE_VOL: Parametres!$C$13
Name CROCHET: Parametres!$C$54
Name CT_TASSEMENT: Parametres!$C$74
Name DENSITE_BETON_FRAIS: Parametres!$C$78
Name DENSITE_GRAVIER: Parametres!$C$12
Name DENSITE_MOELLON: Parametres!$C$76
Name DENSITE_SABLE: Parametres!$C$14
Name DENSITE_TERRE: Parametres!$C$79
Name DOSAGE_MORTIER_MACONNERIE: Parametres!$C$22
Name EAU_PAR_DOSAGE: Parametres!$C$16
Name ENDUIT_CIMENT_KGM2: Parametres!$C$99
Name ENROBAGE: Parametres!$C$53
Name FAIENCE_S1: Parametres!$C$107
Name FIL_LIGATURE_PCT: Parametres!$C$55
Name JOINT_MACONNERIE: Parametres!$C$23
Name LONG_BARRE_COMMERCIALE: Parametres!$C$51
Name LONG_BARRE_UTILE: Parametres!$C$52
Name MAJORATION_ACHAT: Parametres!$C$75
Name MAJORATION_CARRELAGE: Parametres!$C$108
Name MOELLON_PCT_VOLUME: Parametres!$C$77
Name NB_COUCHES_PEINTURE: Parametres!$C$103
Name NUANCE_HA_DEFAUT: Parametres!$C$67
Name NUANCE_RL_DEFAUT: Parametres!$C$68
Name PEINTURE_CLASSIQUE_M2_L: Parametres!$C$101
Name PEINTURE_LATEX_M2_KG: Parametres!$C$100
Name PLANCHE_e: Parametres!$C$85
Name PLANCHE_L: Parametres!$C$83
Name PLANCHE_LARGEUR: Parametres!$C$84
Name POIDS_SAC_CIMENT: Parametres!$C$10
Name POIDS_VOL_ACIER: Parametres!$C$56
Name PU_AMENEE_REPLI: Prix_Unitaires!$D$75
Name PU_BLOC15: Prix_Unitaires!$D$41
Name PU_BLOC20: Prix_Unitaires!$D$42
Name PU_CARREAUX: Prix_Unitaires!$D$54
Name PU_CHAUX: Prix_Unitaires!$D$51
Name PU_CHEVRON: Prix_Unitaires!$D$39
Name PU_CIMENT: Prix_Unitaires!$D$10
Name PU_CIMENTCOLLE: Prix_Unitaires!$D$50
Name PU_CLOUS: Prix_Unitaires!$D$40
Name PU_DRESSEMENT_TABLEAUX: Prix_Unitaires!$D$85
Name PU_EAU: Prix_Unitaires!$D$14
Name PU_EVACUATION_DEBLAIS: Prix_Unitaires!$D$80
Name PU_FAIENCE: Prix_Unitaires!$D$55
Name PU_FIL: Prix_Unitaires!$D$33
Name PU_FORME_PENTE: Prix_Unitaires!$D$86
Name PU_FOUILLE_PUITS: Prix_Unitaires!$D$76
Name PU_FOUILLE_TRANCHEE: Prix_Unitaires!$D$77
Name PU_GRAVIER: Prix_Unitaires!$D$12
Name PU_HA10: Prix_Unitaires!$D$22
Name PU_HA12: Prix_Unitaires!$D$23
Name PU_HA14: Prix_Unitaires!$D$24

Sheet Notice
A2: DEVIS FACILE BTP
A3: Outil de devis et metre cle en main pour le batiment
A5: A PROPOS DE CE CLASSEUR
B7: Ce classeur calcule automatiquement les quantites de materiaux (metre) puis le cout des
B8: travaux (devis) d'une construction, en appliquant les formules du Guide Pratique du Devis et
B9: Metre (Ir BTP OTEMAKUMI LOTENGO Merlin, edition 2023, www.4geniecivil.com).
B11: Chaque feuille de calcul (Fondation, Elevation, Dalle, Finition, Charpente et Couverture)
B12: reprend la structure et les formules du guide : dosages du beton, quantites unitaires de
B13: sable et gravier, poids des aciers, ratios de bois de coffrage, rendements de peinture et
B14: de carrelage. Les feuilles sont entierement liees entre elles : il suffit de modifier les
B15: dimensions d'un ouvrage pour que toutes les quantites et tous les couts se mettent a jour
B16: automatiquement, jusqu'au devis final.
B18: Maisons a etage : Fondation propose en plus une variante longrine + mur de soubassement,
B19: Elevation repete colonnes / ceinture / linteaux / maconnerie niveau par niveau (RDC, Etage 1,
B20: et ainsi de suite) et ajoute un escalier, Dalle propose une variante plancher hourdis, et
... B22: seul niveau, laissez a 0 les blocs Etage 1 et les variantes non utilisees.
A24: PLAN DU CLASSEUR
B26: Feuille | D26: Contenu
B27: Parametres | C27: Reference | D27: Dosages du beton, quantites unitaires, poids des aciers, ratios bois et clous, rendements peinture et carrelage (donnees issues du guide, ne pas modifier)
B28: Prix_Unitaires | C28: Saisie | D28: Prix des materiaux et taux de main d'oeuvre en FCFA, y compris les prix speciaux immeuble a etage (fouilles, hourdis, mur de soubassement, TVA). C'est ICI que l'on met a jour les prix pour chaque nouveau projet
B29: Fondation | C29: Calcul | D29: Fouilles, remblais, beton de proprete, semelles + amorces de poteaux (socle arme), fondation en moellon OU longrine + mur de soubassement (variante immeuble a etage), chape d'egalisation, beton de sous pavement
B30: Elevation | C30: Calcul | D30: Colonnes, ceinture, linteaux et maconnerie de blocs, repetes niveau par niveau (RDC, Etage 1...), plus un escalier
B31: Dalle | C31: Calcul | D31: Plancher haut de chaque niveau : dalle pleine en beton arme (methode detaillee) OU plancher hourdis (methode composite au m2)
B32: Finition | C32: Calcul | D32: Enduit interieur et exterieur, peinture, carrelage de sol, faience
B33: Charpente_Couverture | C33: Calcul | D33: Fermes et pannes en bois, tolerie de couverture, OU toiture-terrasse accessible avec acrotere (variante immeuble a etage)
B34: Sous_Detail_Prix | C34: Calcul | D34: Prix unitaire tout compris (materiaux + main d'oeuvre) de chaque ouvrage courant, au m3 ou au m2
B35: Devis_Particulier | C35: Resultat | D35: Bordereau detaille par nature de materiaux, corps d'etat par corps d'etat (modele pour un client particulier)
B36: Devis_Entreprise | C36: Resultat | D36: Bordereau par section (terrassement, fondation, RDC, etage, toiture) en prix tout compris, plus second oeuvre forfaitaire et TVA (modele entreprise / bureau d'etudes)
A38: CODE COULEUR
B40: Texte bleu | D40: Cellule de saisie : vous pouvez modifier cette valeur (dimensions, dosage, prix, quantite comptee)
B41: Texte noir | D41: Cellule calculee par une formule : ne pas modifier, la formule se met a jour automatiquement
B42: Texte vert | D42: Cellule qui reprend un resultat d'une autre feuille (lien entre feuilles)
B43: Fond jaune | D43: Hypothese cle a verifier en priorite pour chaque nouveau projet (dosage, prix, ratio)
A45: MODE D'EMPLOI EN 4 ETAPES
B47: 1. Dans Prix_Unitaires, mettre a jour les prix des materiaux et les taux de main d'oeuvre du projet.
B48: 2. Dans chaque feuille de calcul (Fondation, Elevation, Dalle, Finition, Charpente_Couverture),
B49: saisir en bleu les dimensions reelles de l'ouvrage (nombre, longueur, largeur, hauteur, dosage).
B50: 3. Verifier le tableau Resume en bas de chaque feuille : c'est lui qui alimente le devis final.
B51: 4. Consulter Devis_Particulier ou Devis_Entreprise : le montant total se recalcule automatiquement.
A53: Reference : Guide Pratique du Devis et Metre, Ir BTP OTEMAKUMI LOTENGO Merlin (OLM SUPREME), edition 2023, www.4geniecivil.com.
A54: Classeur prepare pour Revolution BTP.

Sheet Parametres
A2: PARAMETRES
A3: Constantes et tables de reference issues du Guide Pratique du Devis et Metre
A5: Ces valeurs alimentent, par un nom defini, toutes les formules des autres feuilles. Modifiez-les uniquement si vous appliquez des regles differentes de celles du guide.
A7: 1. BETON FRAIS - COEFFICIENTS PAR M3 (methode volumetrique du guide, §1.4.1)
B9: Grandeur | C9: Valeur | D9: Unite
B10: Poids d'un sac de ciment | C10: 50 | D10: kg
B11: Gravier apparent par m3 de beton (Volume x ce coefficient) | C11: 0.8 | D11: m3 gravier / m3 beton
B12: Densite reelle du gravier | C12: 1.6 | D12: t/m3
B13: Sable apparent par m3 de beton (Volume x ce coefficient) | C13: 0.4 | D13: m3 sable / m3 beton
B14: Densite reelle du sable | C14: 1.5 | D14: t/m3
B15: Volume d'une brouette | C15: 0.06 | D15: m3 (60 litres)
B16: Eau de gachage = Volume x (Dosage / ce facteur) | C16: 2 | D16: kg de ciment par litre d'eau
A17: Formules beton : Ciment(sacs)=Volume x Dosage / Poids_sac | Gravier(t)=Volume x Coef x Densite | Sable(t)=Volume x Coef x Densite | Eau(L)=Volume x Dosage/2
B18: Mortier de hourdage / jointoiement (sans gravier) : sable par m3 de mortier | C18: 1 | D18: m3 sable / m3 mortier (regle pratique)
B19: Mortier de hourdage : eau = ciment(kg) x ce ratio | C19: 0.5 | D19: L d'eau par kg de ciment
A20: Formules mortier de hourdage (moellon) : Ciment(sacs)=Volume x Dosage / Poids_sac | Sable(t)=Volume x Coef_Sable_Mortier x Densite_Sable | Eau(L)=Ciment(kg) x Ratio_Eau_Ciment_Mortier. Pas de gravier dans un mortier.
B21: Mortier de pose (joints) par bloc maconne - ancienne regle forfaitaire, conservee pour reference | C21: 0.003 | D21: m3 de mortier / bloc (non utilisee dans les calculs, remplacee par la methode Sp)
B22: Dosage du mortier de pose des blocs | C22: 300 | D22: kg de ciment/m3
B23: Epaisseur d'un joint de maconnerie | C23: 0.015 | D23: m (1,5 cm), utilise pour la surface Sp du bloc avec joint
A24: Methode du bloc avec joint : Sp = (Longueur_bloc + Joint) x (Hauteur_bloc + Joint). Nombre de blocs = Surface nette / Sp. Volume de mortier = Nombre de blocs x (Sp - Longueur_bloc x Hauteur_bloc) x epaisseur du mur.
A26: 2. DOSAGES COURANTS DU BETON (reference informative - guide p.7-9)
B28: Dosage (kg/m3) | C28: Ciment (sacs 50kg / m3) | D28: Eau (L/m3) | E28: Usage habituel
B29: 150 | C29: =B29/$C$10 -> 3 | D29: =B29/$C$16 -> 75 | E29: Beton de proprete
B30: 200 | C30: =B30/$C$10 -> 4 | D30: =B30/$C$16 -> 100 | E30: Mortier / usage courant
B31: 250 | C31: =B31/$C$10 -> 5 | D31: =B31/$C$16 -> 125 | E31: Fondation en moellon, sous pavement, dallage
B32: 300 | C32: =B32/$C$10 -> 6 | D32: =B32/$C$16 -> 150 | E32: Elevation blocs / mortier renforce
B33: 350 | C33: =B33/$C$10 -> 7 | D33: =B33/$C$16 -> 175 | E33: Beton arme : semelles, colonnes, ceinture, dalle
B34: 400 | C34: =B34/$C$10 -> 8 | D34: =B34/$C$16 -> 200 | E34: Beton arme fortement sollicite
B35: 450 | C35: =B35/$C$10 -> 9 | D35: =B35/$C$16 -> 225 | E35: Beton arme haute resistance
B36: 500 | C36: =B36/$C$10 -> 10 | D36: =B36/$C$16 -> 250 | E36: Beton arme tres haute resistance
A38: 3. ACIERS A HAUTE ADHERENCE - POIDS PAR METRE (guide p.20)
B40: Diametre (mm) | C40: Section (cm2) | D40: Poids (kg/m) | E40: Pieces / tonne
B41: 5 | C41: 0.2 | D41: 0.154 | E41: 540
B42: 6 | C42: 0.283 | D42: 0.222 | E42: 376
B43: 8 | C43: 0.5024 | D43: 0.395 | E43: 211
B44: 10 | C44: 0.78 | D44: 0.617 | E44: 135
B45: 12 | C45: 1.13 | D45: 0.88 | E45: 94
B46: 14 | C46: 1.54 | D46: 1.208 | E46: 69
B47: 16 | C47: 2.01 | D47: 1.578 | E47: 53
B48: 20 | C48: 3.14 | D48: 2.466 | E48: 34
B49: 25 | C49: 4.91 | D49: 3.854 | E49: 21
B51: Longueur commerciale d'une barre | C51: 12 | D51: m
B52: Longueur utile retenue pour le calcul (pertes deduites) | C52: 11.5 | D52: m
B53: Enrobage standard des aciers | C53: 0.02 | D53: m
B54: Longueur d'un crochet d'extremite (armature de semelle) | C54: 0.1 | D54: m (guide p.21-22)
B55: Fil de ligature (fil de fer recuit) = poids aciers x ce taux | C55: 0.05 | D55: 5% du poids des aciers (guide p.20)
B56: Poids volumique de l'acier | C56: 7.85 | D56: t/m3
A58: 3 BIS. NUANCES D'ACIER (ronds lisses et haute adherence)
A60: Le coefficient de recouvrement (Ls/diametre) depend de la nuance de l'acier : plus l'adherence est faible (rond lisse), plus le recouvrement doit etre long. Les aciers principaux sont en general en HA ; les cadres/etriers sont souvent en rond lisse.
B61: Type | C61: Nuance | D61: Limite elastique | E61: Coef. recouvrement
B62: Rond lisse | C62: FeE215 | D62: 215 | E62: 60
B63: Rond lisse | C63: FeE235 | D63: 235 | E63: 50
B64: Haute adherence | C64: FeE400 (HA400) | D64: 400 | E64: 40
B65: Haute adherence | C65: FeE500 (HA500) | D65: 500 | E65: 50
B67: Nuance HA utilisee par defaut pour les aciers principaux | C67: FeE400 (HA400) | D67: doit correspondre exactement a une valeur de la colonne Nuance ci-dessus
B68: Nuance rond lisse utilisee par defaut pour les cadres/etriers | C68: FeE235 | D68: doit correspondre exactement a une valeur de la colonne Nuance ci-dessus
A70: Formule : Longueur de recouvrement Ls = diametre(m) x coefficient de la nuance retenue. Chaque bloc d'armature indique sa nuance (HA ou RL) ; le classeur va chercher le coefficient correspondant dans le tableau ci-dessus.
A72: 4. COEFFICIENTS GENERAUX
B74: Coefficient de tassement (remblais / deblais) | C74: 1.3 | D74: guide p.19
B75: Majoration standard a l'achat (pertes, chutes) | C75: 1.1 | D75: 10% (guide, methode ratio p.27)
B76: Densite du moellon en oeuvre | C76: 1.6 | D76: t/m3 (guide p.42)
B77: Part du moellon dans la maconnerie en moellon | C77: 0.7 | D77: 70% moellon / 30% mortier (guide p.10)
B78: Poids specifique du beton frais | C78: 2400 | D78: kg/m3 (guide p.13)
B79: Densite moyenne des deblais / remblais | C79: 1.5 | D79: t/m3 (guide p.72 : Vt = 1,5 x Volume)
A81: 5. BOIS DE COFFRAGE, CHARPENTE ET CLOUS (guide p.24-32)
B83: Planche standard - longueur | C83: 3 | D83: m
B84: Planche standard - largeur | C84: 0.3 | D84: m
B85: Planche standard - epaisseur | C85: 0.05 | D85: m
B86: Volume d'un chevron de traverse (5x5cm, 5m) | C86: 0.0125 | D86: m3/piece
B87: Volume des traverses = volume coffrage principal x ce taux | C87: 0.2 | D87: 20% (guide p.26)
B88: Ratio coffrage Semelle (m2 coffrage / m3 beton) | C88: 3 | D88: guide p.26
B89: Ratio coffrage Poteau / Colonne (m2/m3) | C89: 15 | D89: guide p.26
B90: Ratio coffrage Poutre / Ceinture (m2/m3) | C90: 11 | D90: moyenne 10 a 12, guide p.26
B91: Ratio coffrage Chainage / Longrine (m2/m3) | C91: 8 | D91: guide p.26
B92: Ratio coffrage Dalle (m2 coffrage / m2 dalle) | C92: 1.12 | D92: guide p.26
B93: Clous pour coffrage bois | C93: 0.15 | D93: kg/m2 (guide p.32)
B94: Clous pour charpente bois | C94: 20 | D94: kg/m3 (moyenne 15-25, guide p.32)
B95: Clous / pointes pour couverture | C95: 0.1 | D95: kg/m2, x2 pans (guide p.32 et p.64)
A97: 6. ENDUIT, PEINTURE ET CARRELAGE (guide p.12, 30-31)
B99: Ciment pour enduisage des murs | C99: 8 | D99: kg/m2 (guide p.12)
B100: Rendement latex (2 couches) | C100: 4 | D100: m2 par kg
B101: Rendement peinture classique (par couche) | C101: 10 | D101: m2 par litre
B102: Rendement chaux (par couche) | C102: 6 | D102: m2 par kg
B103: Nombre de couches standard | C103: 2 | D103: couches
B104: Ciment colle (encollage standard) | C104: 8 | D104: kg/m2 (guide p.31)
B105: Sable du mortier de pose (par cm d'epaisseur) | C105: 10 | D105: litres/m2/cm (guide p.12)
B106: Surface d'un carreau 30x30 | C106: 0.09 | D106: m2/piece, 12 pieces/carton
B107: Surface d'une faience 25x40 | C107: 0.1 | D107: m2/piece, 10 pieces/carton
B108: Majoration carreaux / faience (casse, coupes) | C108: 1.1 | D108: 10% (guide p.31)

Sheet Prix_Unitaires
A2: PRIX UNITAIRES
A3: Prix des materiaux et taux de main d'oeuvre du projet (FCFA) - a mettre a jour pour chaque devis
A5: Toutes les cellules bleues ci-dessous sont modifiables. Elles alimentent automatiquement Sous_Detail_Prix puis les deux devis finaux.
A7: A. MATERIAUX DE BASE
B9: Materiau | C9: Unite | D9: Prix unitaire
B10: Ciment | C10: sac 50kg | D10: 5500
B11: Sable | C11: tonne | D11: 15000
B12: Gravier | C12: tonne | D12: 25000
B13: Moellon | C13: tonne | D13: 17000
B14: Eau de gachage | C14: m3 | D14: 1500
A16: B. ACIERS ET FIL DE LIGATURE (barre commerciale de 12 m)
A18: Aciers HA (haute adherence) : utilises pour l'armature principale. Prix par barre de 12m.
B19: Acier | C19: Unite | D19: Prix unitaire | E19: Diametre (mm)
B20: Rond / HA de 6 mm | C20: barre 12m | D20: 1500 | E20: 6
B21: Rond / HA de 8 mm | C21: barre 12m | D21: 2700 | E21: 8
B22: Rond / HA de 10 mm | C22: barre 12m | D22: 4200 | E22: 10
B23: Rond / HA de 12 mm | C23: barre 12m | D23: 6000 | E23: 12
B24: Rond / HA de 14 mm | C24: barre 12m | D24: 8200 | E24: 14
B25: Rond / HA de 16 mm | C25: barre 12m | D25: 10800 | E25: 16
A27: Aciers ronds lisses (adherence normale) : souvent utilises pour les cadres/etriers, moins chers que le HA. Prix par barre de 12m.
B28: Acier | C28: Unite | D28: Prix unitaire | E28: Diametre (mm)
B29: Rond lisse de 6 mm | C29: barre 12m | D29: 1250 | E29: 6
B30: Rond lisse de 8 mm | C30: barre 12m | D30: 2250 | E30: 8
B31: Rond lisse de 10 mm | C31: barre 12m | D31: 3500 | E31: 10
B32: Rond lisse de 12 mm | C32: barre 12m | D32: 5000 | E32: 12
B33: Fil de ligature (fil de fer recuit) | C33: kg | D33: 1200
A35: C. BOIS, MACONNERIE ET COUVERTURE
B37: Materiau | C37: Unite | D37: Prix unitaire
B38: Planche de coffrage (3,00 x 0,30 x 0,05 m) | C38: piece | D38: 3000
B39: Chevron / madrier (5 x 5 cm, 5 m) | C39: piece | D39: 2200
B40: Clous / pointes | C40: kg | D40: 1000
B41: Bloc creux (agglo) de 15 cm, 40x20 | C41: piece | D41: 350
B42: Bloc creux (agglo) de 20 cm, 40x20 | C42: piece | D42: 450
B43: Tole BG28, 3,00 x 0,90 m | C43: piece | D43: 7500
B44: Tole faitiere, 2,50 m | C44: piece | D44: 8500
B45: Peinture / lasure a bois | C45: litre | D45: 3500
A47: D. FINITION
B49: Materiau | C49: Unite | D49: Prix unitaire
B50: Ciment colle | C50: kg | D50: 650
B51: Chaux | C51: kg | D51: 450
B52: Peinture latex | C52: kg | D52: 2800
B53: Peinture classique (glycero / eau) | C53: litre | D53: 3200
B54: Carreaux de sol 30x30 | C54: carton (12 pcs) | D54: 6500
B55: Faience murale 25x40 | C55: carton (10 pcs) | D55: 6000
A57: E. MAIN D'OEUVRE ET FRAIS GENERAUX
B59: Poste | C59: Base | D59: Taux / montant
B60: Installation et repli de chantier | C60: forfait | D60: 350000
B61: Main d'oeuvre (gros oeuvre : beton, macon, ferrailleur) | C61: % des materiaux | D61: 0.28
B62: Main d'oeuvre (finition, charpente, couverture) | C62: % des materiaux | D62: 0.22
B63: Imprevus | C63: % du sous total travaux | D63: 0.05
B64: Transport des materiaux | C64: % du sous total travaux | D64: 0.05
B65: Honoraires Architecte | C65: % du cout des travaux | D65: 0.08
B66: Honoraires Ingenieur (etude + suivi) | C66: % du cout des travaux | D66: 0.08
B67: TVA (si applicable, style devis entreprise) | C67: % du montant HT | D67: 0.18
A69: Taux de main d'oeuvre et honoraires proposes a titre indicatif (ordre de grandeur courant au Cameroun) - guide p.78 : main d'oeuvre 10 a 30% ; honoraires architecte 8 a 15% ; ingenieur 6 a 12%.
A71: F. IMMEUBLES A ETAGE - TERRASSEMENT DETAILLE ET ELEMENTS COMPLEMENTAIRES
A73: Prix tout compris (comme en E), utilises pour les projets a plusieurs niveaux (villa R+1 et plus).
B74: Poste | C74: Unite | D74: Prix tout compris
B75: Amenee et repli de materiel de chantier | C75: forfait | D75: 200000
B76: Fouilles en puits (semelles isolees) | C76: m3 | D76: 1886
B77: Fouilles en tranchee (longrines) | C77: m3 | D77: 1162
B78: Remblais sous dallage | C78: m3 | D78: 1200
B79: Remblais au droit des fondations | C79: m3 | D79: 1505
B80: Evacuation des deblais excedentaires | C80: m3 | D80: 1500
B81: Mur de soubassement en agglos pleins de 15 | C81: m2 | D81: 6045
B82: Plancher hourdis 12+4 | C82: m2 | D82: 9500
B83: Plancher hourdis 16+4 | C83: m2 | D83: 11500
B84: Scellement et calfeutrement des huisseries | C84: ml | D84: 500
B85: Dressement des tableaux | C85: ml | D85: 500
B86: Forme de pente sur terrasse accessible | C86: m2 | D86: 3025
A88: Valeurs par defaut reprises d'un devis entreprise reel (villa R+1, meme ordre de grandeur FCFA que le reste du classeur) ; a ajuster selon votre marche.

Sheet Fondation
A2: 1. FONDATION
A3: Fouilles, beton de proprete, semelles + amorces armees, fondation en moellon, chape, beton de sous pavement, remblais
A5: 1.1 FOUILLES
A7: Fouilles ponctuelles sous chaque semelle isolee.
B8: Designation | C8: Nombre | D8: Longueur (m) | E8: Largeur (m) | F8: Profondeur (m) | G8: Volume unit. (m3) | H8: Volume total (m3)
B9: Fouille semelle - type 1 | C9: 12 | D9: 0.65 | E9: 0.65 | F9: 0.9 | G9: =D9*E9*F9 -> 0.38025 | H9: =G9*C9 -> 4.563
B10: Fouille semelle - type 2 | C10: 0 | D10: 0 | E10: 0 | F10: 0 | G10: =D10*E10*F10 -> 0 | H10: =G10*C10 -> 0
A11: Total fouilles ponctuelles | H11: =SUM(H9:H10) -> 4.563
A13: Fouille en rigole continue (fondation filante). Le perimetre est mesure a l'axe de la tranchee.
B14: Designation | D14: Perimetre (m) | E14: Largeur (m) | F14: Profondeur (m) | H14: Volume total (m3)
B15: Fouille filante (fondation continue) | D15: 60.85 | E15: 0.6 | F15: 0.65 | H15: =D15*E15*F15 -> 23.7315
A16: Note : par simplicite, ce classeur retient UN SEUL perimetre pour toutes les couches de la fondation filante (fouille, beton de proprete, moellon, chape). Si votre semelle filante s'evase avec la profondeur (redans), mesurez et saisissez un perimetre different a chaque section concernee.
A18: 1.2 BETON DE PROPRETE
B20: Dosage (kg/m3) | C20: 150
A21: Sous chaque semelle isolee, puis sous la fondation filante.
B22: Element | C22: Nombre | D22: Longueur / Perimetre (m) | E22: Largeur (m) | F22: Epaisseur (m) | G22: Volume unit. (m3) | H22: Volume total (m3)
B23: Sous semelles isolees | C23: 12 | D23: 0.55 | E23: 0.55 | F23: 0.05 | G23: =D23*E23*F23 -> 0.015125 | H23: =G23*C23 -> 0.1815
B24: Sous fondation filante | D24: =D15 -> 60.85 | E24: 0.4 | F24: 0.05 | H24: =D24*E24*F24 -> 1.217
A25: Volume total beton de proprete | H25: =SUM(H23:H24) -> 1.3985
B26: Materiaux | C26: Formule | G26: Quantite | H26: Unite
B27: Ciment | G27: =ROUNDUP(H25*C20/POIDS_SAC_CIMENT,0) -> 5 | H27: sacs
B28: Gravier | G28: =H25*COEF_GRAVIER_VOL*DENSITE_GRAVIER -> 1.79008 | H28: tonnes
B29: Sable | G29: =H25*COEF_SABLE_VOL*DENSITE_SABLE -> 0.8391 | H29: tonnes
B30: Eau | G30: =H25*C20/EAU_PAR_DOSAGE -> 104.8875 | H30: litres
A32: 1.3 SEMELLE ISOLEE + AMORCE DE POTEAU (SOCLE ARME)
B34: Dosage (kg/m3) | C34: 350
B35: Element | C35: Nombre | D35: Longueur (m) | E35: Largeur (m) | F35: Hauteur (m) | G35: Volume unit. (m3) | H35: Volume total (m3)
B36: Semelle (empattement) | C36: 12 | D36: 0.35 | E36: 0.35 | F36: 0.3 | G36: =D36*E36*F36 -> 0.03675 | H36: =G36*C36 -> 0.441
B37: Colonne / amorce de poteau | C37: 12 | D37: 0.15 | E37: 0.15 | F37: 0.55 | G37: =D37*E37*F37 -> 0.012375 | H37: =G37*C37 -> 0.1485
A38: Volume total beton arme (socle) | H38: =H36+H37 -> 0.5895
B39: Materiaux | G39: Quantite | H39: Unite
B40: Ciment | G40: =ROUNDUP(H38*C34/POIDS_SAC_CIMENT,0) -> 5 | H40: sacs
B41: Gravier | G41: =H38*COEF_GRAVIER_VOL*DENSITE_GRAVIER -> 0.75456 | H41: tonnes
B42: Sable | G42: =H38*COEF_SABLE_VOL*DENSITE_SABLE -> 0.3537 | H42: tonnes
B43: Eau | G43: =H38*C34/EAU_PAR_DOSAGE -> 103.1625 | H43: litres
B45: Armature - maillage de la semelle (2 nappes croisees)
B46: Diametre (mm) | C46: Espacement (m) | D46: Nbre barres/sens | E46: Ld / barre (m) | F46: Recouvrt (m) | G46: Nbre barres 12m | H46: Poids (kg)
B47: 10 | C47: 0.15 | D47: =IF(D36=0,0,ROUNDUP(D36/C47+1,0)) -> 4 | E47: =D36-2*ENROBAGE+2*CROCHET -> 0.51 | F47: =(B47/1000)*INDEX(TAB_NUANCE_COEF,MATCH(NUANCE_HA_DEFAUT,TAB_NUANCE_NOM,0)) -> 0.4 | G47: =IF(E47<=LONG_BARRE_UTILE,ROUNDUP(D47*C36*2/MAX(1,INT(LONG_BARRE_UTILE/E47)),0),D47*C36*2+ROUNDUP(D47*C36*2/MAX(1,INT(LONG_BARRE_UTILE/(E47+F47-LONG_BARRE_UTILE))),0)) -> 5 | H47: =G47*LONG_BARRE_COMMERCIALE*IFERROR(INDEX(TAB_ACIER_POIDS,MATCH(B47,TAB_ACIER_DIAM,0)),0) -> 37.02
A48: Le nombre de files (colonne D) est calcule pour un seul sens ; le nombre total de barres a acheter (colonne G) tient compte des 2 nappes croisees et des 12 semelles.
B50: Armature - colonne / amorce (barres verticales + cadres)
B51: Diametre (mm) | C51: Nbre barres/colonne | D51: Ld / barre (m) | E51: Recouvrt (m) | F51: Nbre total files | G51: Nbre barres 12m | H51: Poids (kg)
B52: 10 | C52: 4 | D52: =F37+F36+E52 -> 1.25 | E52: =(B52/1000)*INDEX(TAB_NUANCE_COEF,MATCH(NUANCE_HA_DEFAUT,TAB_NUANCE_NOM,0)) -> 0.4 | F52: =C52*C37 -> 48 | G52: =IF(D52<=LONG_BARRE_UTILE,ROUNDUP(F52/MAX(1,INT(LONG_BARRE_UTILE/D52)),0),F52+ROUNDUP(F52/MAX(1,INT(LONG_BARRE_UTILE/(D52+E52-LONG_BARRE_UTILE))),0)) -> 6 | H52: =G52*LONG_BARRE_COMMERCIALE*IFERROR(INDEX(TAB_ACIER_POIDS,MATCH(B52,TAB_ACIER_DIAM,0)),0) -> 44.424
A53: Ld colonne = hauteur de la colonne + ancrage dans la semelle + longueur de recouvrement pour la reprise du poteau (methode generale, guide p.22).
B54: Cadre colonne | C54: 8 | D54: 0.15 | E54: espacement (m)
C55: Diametre (mm) | D55: Nbre cadres/colonne | E55: Ld / cadre (m) | F55: Recouvrt (m) | G55: Nbre barres 12m | H55: Poids (kg)
C56: =C54 -> 8 | D56: =IF(F37=0,0,ROUNDUP(F37/D54+1,0)) -> 5 | E56: =((D37-2*ENROBAGE)+(E37-2*ENROBAGE))*2 -> 0.44 | F56: =(C56/1000)*INDEX(TAB_NUANCE_COEF,MATCH(NUANCE_RL_DEFAUT,TAB_NUANCE_NOM,0)) -> 0.4 | G56: =IF(E56<=LONG_BARRE_UTILE,ROUNDUP(D56*C37/MAX(1,INT(LONG_BARRE_UTILE/E56)),0),D56*C37+ROUNDUP(D56*C37/MAX(1,INT(LONG_BARRE_UTILE/(E56+F56-LONG_BARRE_UTILE))),0)) -> 3 | H56: =G56*LONG_BARRE_COMMERCIALE*IFERROR(INDEX(TAB_ACIER_POIDS,MATCH(C56,TAB_ACIER_DIAM,0)),0) -> 14.22
B57: Fil de ligature (5% du poids des aciers du socle) | G57: =(H47+H52+H56)*FIL_LIGATURE_PCT -> 4.7832 | H57: kg
B59: Coffrage bois (semelle + colonne)
B60: Surface a coffrer | C60: Formule | G60: m2
B61: Perimetre semelle x hauteur x nombre + perimetre colonne x hauteur x nombre | G61: =(D36*2+E36*2)*F36*C36+(D37*2+E37*2)*F37*C37 -> 9
B62: Nombre de planches (majore de 10%) | G62: =ROUNDUP((G61/(PLANCHE_L*PLANCHE_LARGEUR))*MAJORATION_ACHAT,0) -> 11
B63: Volume bois (planches) | G63: =G62*PLANCHE_L*PLANCHE_LARGEUR*PLANCHE_e -> 0.495
B64: Volume traverses (20%) et nombre de chevrons | G64: =G63*TRAVERSES_PCT -> 0.099 | H64: =ROUNDUP(G64/CHEVRON_TRAV_V1,0) -> 8 | I64: chevrons
A65: Volume total bois de coffrage (socle) | G65: =G63+G64 -> 0.594
B66: Clous | G66: =((G63/PLANCHE_e)+(G64/PLANCHE_e))*CLOUS_COFFRAGE_KGM2 -> 1.782 | H66: kg
A68: 1.4 FONDATION EN MOELLON
B70: Dosage du mortier de hourdage (kg/m3) | C70: 250
B71: Element | D71: Perimetre (m) | E71: Hauteur (m) | F71: Base / largeur (m) | H71: Volume total (m3)
B72: Maconnerie en moellon | D72: =D15 -> 60.85 | E72: 0.6 | F72: 0.3 | H72: =D72*E72*F72 -> 10.953
B73: Repartition | G73: Quantite | H73: Unite
B74: Moellon (70% du volume) | G74: =H72*MOELLON_PCT_VOLUME*DENSITE_MOELLON -> 12.26736 | H74: tonnes
B75: Mortier de hourdage (30% du volume) | G75: =H72*(1-MOELLON_PCT_VOLUME) -> 3.2859 | H75: m3
B76: Ciment | G76: =ROUNDUP(G75*C70/POIDS_SAC_CIMENT,0) -> 17 | H76: sacs
B77: Sable | G77: =G75*COEF_SABLE_MORTIER*DENSITE_SABLE -> 4.92885 | H77: tonnes
B78: Eau | G78: =(G76*POIDS_SAC_CIMENT)*RATIO_EAU_CIMENT_MORTIER -> 425 | H78: litres
A80: 1.5 CHAPE D'EGALISATION
B82: Dosage (kg/m3) | C82: 250
B83: Element | D83: Perimetre (m) | E83: Epaisseur (m) | F83: Largeur (m) | H83: Volume total (m3)
B84: Chape d'egalisation | D84: =D15 -> 60.85 | E84: 0.05 | F84: 0.4 | H84: =D84*E84*F84 -> 1.217
B85: Ciment | G85: =ROUNDUP(H84*C82/POIDS_SAC_CIMENT,0) -> 7 | H85: sacs
B86: Gravier | G86: =H84*COEF_GRAVIER_VOL*DENSITE_GRAVIER -> 1.55776 | H86: tonnes
B87: Sable | G87: =H84*COEF_SABLE_VOL*DENSITE_SABLE -> 0.7302 | H87: tonnes
B88: Eau | G88: =H84*C82/EAU_PAR_DOSAGE -> 152.125 | H88: litres
B89: Surface de coffrage (2 faces de la chape) | G89: =D84*E84*2 -> 6.085 | H89: m2
B90: Nombre de planches | G90: =ROUNDUP((G89/(PLANCHE_L*PLANCHE_LARGEUR))*MAJORATION_ACHAT,0) -> 8
B91: Volume bois (planches) | G91: =G90*PLANCHE_L*PLANCHE_LARGEUR*PLANCHE_e -> 0.36
B92: Volume traverses (20%) et nombre de chevrons | G92: =G91*TRAVERSES_PCT -> 0.072 | H92: =ROUNDUP(G92/CHEVRON_TRAV_V1,0) -> 6 | I92: chevrons
B93: Volume total bois de coffrage | G93: =G91+G92 -> 0.432 | H93: m3
B94: Clous | G94: =((G91/PLANCHE_e)+(G92/PLANCHE_e))*CLOUS_COFFRAGE_KGM2 -> 1.296 | H94: kg
A96: 1.6 BETON DE SOUS PAVEMENT
B98: Dosage (kg/m3) | C98: 250
B99: Element | D99: Longueur (m) | E99: Largeur (m) | F99: Epaisseur (m) | H99: Volume total (m3)
B100: Beton de sous pavement (sous dallage) | D100: 9.65 | E100: 7.15 | F100: 0.1 | H100: =D100*E100*F100 -> 6.89975
B101: Ciment | G101: =ROUNDUP(H100*C98/POIDS_SAC_CIMENT,0) -> 35 | H101: sacs
B102: Gravier | G102: =H100*COEF_GRAVIER_VOL*DENSITE_GRAVIER -> 8.83168 | H102: tonnes
B103: Sable | G103: =H100*COEF_SABLE_VOL*DENSITE_SABLE -> 4.13985 | H103: tonnes
B104: Eau | G104: =H100*C98/EAU_PAR_DOSAGE -> 862.46875 | H104: litres
A106: 1.7 DEBLAIS ET REMBLAIS
A108: Methode du guide (p.45-46) : le remblai correspond au vide qui subsiste dans la fouille une fois les ouvrages enterres en place, plus le nivellement general de l'espace a batir.
B109: Espace a batir | D109: Longueur (m) | E109: Largeur (m) | F109: Epaisseur nivellement (m) | H109: Volume (m3)
B110: Emprise generale du batiment | D110: 9.65 | E110: 7.15 | F110: 0.3 | H110: =D110*E110*F110 -> 20.69925
B112: Deblais et remblais | G112: m3 | H112: tonnes
B113: DEBLAIS (fouilles semelles + fouille filante) x coefficient de tassement | G113: =(H11+H15)*CT_TASSEMENT -> 36.78285 | H113: =G113*DENSITE_TERRE -> 55.174275
B114: Vide autour des semelles (fouille - beton - proprete - colonne) x Nbre x Ct | G114: =(G9-G36-G23-G37)*C9*CT_TASSEMENT -> 4.9296
B115: Vide le long de la fondation filante (fouille - proprete - moellon) x Ct | G115: =(H15-H24-H72)*CT_TASSEMENT -> 15.02995
B116: Nivellement de l'espace a batir x Ct | G116: =H110*CT_TASSEMENT -> 26.909025
B117: REMBLAIS TOTAL | G117: =MAX(0,G114)+MAX(0,G115)+G116 -> 46.868575 | H117: =G117*DENSITE_TERRE -> 70.302863
A118: Un MAX(0;...) protege le calcul si les dimensions saisies font que l'ouvrage enterre occupe toute la fouille (vide nul, pas de remblai negatif).
B119: Evacuation des deblais excedentaires (deblais - remblais reemployes) | G119: =MAX(0,G113-G117) -> 0
A121: 1.9 LONGRINE ET MUR DE SOUBASSEMENT (variante immeuble a etage)
...

Sheet Elevation
A2: 2. ELEVATION
A3: Colonnes, ceinture, linteaux, escalier et maconnerie - niveau par niveau (RDC, Etage 1...)
A5: Pour un batiment a un seul niveau, laissez a 0 les quantites du bloc Etage 1. Pour un batiment R+2 ou plus, dupliquez un bloc Etage (copier les lignes) et ajoutez-le au Resume en bas de feuille.
A7: 2.1 COLONNES / POTEAUX EN BETON ARME
B9: Colonnes - REZ-DE-CHAUSSEE (RDC)
B10: Dosage (kg/m3) | C10: 350
B11: Element | C11: Nombre | D11: Section a (m) | E11: Section b (m) | F11: Hauteur (m) | G11: Volume unit. (m3) | H11: Volume total (m3)
B12: Poteaux | C12: 12 | D12: 0.2 | E12: 0.2 | F12: 3 | G12: =D12*E12*F12 -> 0.12 | H12: =G12*C12 -> 1.44
B13: Ciment | G13: =ROUNDUP(H12*C10/POIDS_SAC_CIMENT,0) -> 11 | H13: sacs
B14: Gravier | G14: =H12*COEF_GRAVIER_VOL*DENSITE_GRAVIER -> 1.8432 | H14: tonnes
B15: Sable | G15: =H12*COEF_SABLE_VOL*DENSITE_SABLE -> 0.864 | H15: tonnes
B16: Eau | G16: =H12*C10/EAU_PAR_DOSAGE -> 252 | H16: litres
B17: Armature principale | C17: 12 | D17: 4 | E17: diam(mm) / nbre barres par poteau
C18: Diametre | D18: Ld/barre (m) | E18: Recouvrt (m) | F18: Nbre files | G18: Nbre barres 12m | H18: Poids (kg)
C19: =C17 -> 12 | D19: =F12-2*ENROBAGE+E19 -> 3.44 | E19: =(C19/1000)*INDEX(TAB_NUANCE_COEF,MATCH(NUANCE_HA_DEFAUT,TAB_NUANCE_NOM,0)) -> 0.48 | F19: =D17*C12 -> 48 | G19: =IF(D19<=LONG_BARRE_UTILE,ROUNDUP(F19/MAX(1,INT(LONG_BARRE_UTILE/D19)),0),F19+ROUNDUP(F19/MAX(1,INT(LONG_BARRE_UTILE/(D19+E19-LONG_BARRE_UTILE))),0)) -> 16 | H19: =G19*LONG_BARRE_COMMERCIALE*IFERROR(INDEX(TAB_ACIER_POIDS,MATCH(C19,TAB_ACIER_DIAM,0)),0) -> 168.96
B20: Cadre | C20: 8 | D20: 0.15 | E20: espacement (m)
C21: Diametre | D21: Nbre cadres | E21: Ld/cadre (m) | F21: Recouvrt (m) | G21: Nbre barres 12m | H21: Poids (kg)
C22: =C20 -> 8 | D22: =IF(F12=0,0,ROUNDUP(F12/D20+1,0)) -> 21 | E22: =((D12-2*ENROBAGE)+(E12-2*ENROBAGE))*2 -> 0.64 | F22: =(C22/1000)*INDEX(TAB_NUANCE_COEF,MATCH(NUANCE_RL_DEFAUT,TAB_NUANCE_NOM,0)) -> 0.4 | G22: =IF(E22<=LONG_BARRE_UTILE,ROUNDUP(D22*C12/MAX(1,INT(LONG_BARRE_UTILE/E22)),0),D22*C12+ROUNDUP(D22*C12/MAX(1,INT(LONG_BARRE_UTILE/(E22+F22-LONG_BARRE_UTILE))),0)) -> 15 | H22: =G22*LONG_BARRE_COMMERCIALE*IFERROR(INDEX(TAB_ACIER_POIDS,MATCH(C22,TAB_ACIER_DIAM,0)),0) -> 71.1
B23: Fil de ligature (5%) | G23: =(H19+H22)*FIL_LIGATURE_PCT -> 12.003 | H23: kg
B24: Coffrage (perimetre x hauteur x nombre) | G24: =(D12*2+E12*2)*F12*C12 -> 28.8 | H24: m2
B25: Nombre de planches | G25: =ROUNDUP((G24/(PLANCHE_L*PLANCHE_LARGEUR))*MAJORATION_ACHAT,0) -> 36
B26: Volume bois (planches) | G26: =G25*PLANCHE_L*PLANCHE_LARGEUR*PLANCHE_e -> 1.62
B27: Traverses (20%) et chevrons | G27: =G26*TRAVERSES_PCT -> 0.324 | H27: =ROUNDUP(G27/CHEVRON_TRAV_V1,0) -> 26 | I27: chevrons
B28: Volume total bois | G28: =G26+G27 -> 1.944 | H28: m3
B29: Clous | G29: =((G26/PLANCHE_e)+(G27/PLANCHE_e))*CLOUS_COFFRAGE_KGM2 -> 5.832 | H29: kg
B31: Colonnes - ETAGE 1
B32: Dosage (kg/m3) | C32: 350
B33: Element | C33: Nombre | D33: Section a (m) | E33: Section b (m) | F33: Hauteur (m) | G33: Volume unit. (m3) | H33: Volume total (m3)
B34: Poteaux | C34: 12 | D34: 0.2 | E34: 0.2 | F34: 2.8 | G34: =D34*E34*F34 -> 0.112 | H34: =G34*C34 -> 1.344
B35: Ciment | G35: =ROUNDUP(H34*C32/POIDS_SAC_CIMENT,0) -> 10 | H35: sacs
B36: Gravier | G36: =H34*COEF_GRAVIER_VOL*DENSITE_GRAVIER -> 1.72032 | H36: tonnes
B37: Sable | G37: =H34*COEF_SABLE_VOL*DENSITE_SABLE -> 0.8064 | H37: tonnes
B38: Eau | G38: =H34*C32/EAU_PAR_DOSAGE -> 235.2 | H38: litres
B39: Armature principale | C39: 12 | D39: 4 | E39: diam(mm) / nbre barres par poteau
C40: Diametre | D40: Ld/barre (m) | E40: Recouvrt (m) | F40: Nbre files | G40: Nbre barres 12m | H40: Poids (kg)
C41: =C39 -> 12 | D41: =F34-2*ENROBAGE+E41 -> 3.24 | E41: =(C41/1000)*INDEX(TAB_NUANCE_COEF,MATCH(NUANCE_HA_DEFAUT,TAB_NUANCE_NOM,0)) -> 0.48 | F41: =D39*C34 -> 48 | G41: =IF(D41<=LONG_BARRE_UTILE,ROUNDUP(F41/MAX(1,INT(LONG_BARRE_UTILE/D41)),0),F41+ROUNDUP(F41/MAX(1,INT(LONG_BARRE_UTILE/(D41+E41-LONG_BARRE_UTILE))),0)) -> 16 | H41: =G41*LONG_BARRE_COMMERCIALE*IFERROR(INDEX(TAB_ACIER_POIDS,MATCH(C41,TAB_ACIER_DIAM,0)),0) -> 168.96
B42: Cadre | C42: 8 | D42: 0.15 | E42: espacement (m)
C43: Diametre | D43: Nbre cadres | E43: Ld/cadre (m) | F43: Recouvrt (m) | G43: Nbre barres 12m | H43: Poids (kg)
C44: =C42 -> 8 | D44: =IF(F34=0,0,ROUNDUP(F34/D42+1,0)) -> 20 | E44: =((D34-2*ENROBAGE)+(E34-2*ENROBAGE))*2 -> 0.64 | F44: =(C44/1000)*INDEX(TAB_NUANCE_COEF,MATCH(NUANCE_RL_DEFAUT,TAB_NUANCE_NOM,0)) -> 0.4 | G44: =IF(E44<=LONG_BARRE_UTILE,ROUNDUP(D44*C34/MAX(1,INT(LONG_BARRE_UTILE/E44)),0),D44*C34+ROUNDUP(D44*C34/MAX(1,INT(LONG_BARRE_UTILE/(E44+F44-LONG_BARRE_UTILE))),0)) -> 15 | H44: =G44*LONG_BARRE_COMMERCIALE*IFERROR(INDEX(TAB_ACIER_POIDS,MATCH(C44,TAB_ACIER_DIAM,0)),0) -> 71.1
B45: Fil de ligature (5%) | G45: =(H41+H44)*FIL_LIGATURE_PCT -> 12.003 | H45: kg
B46: Coffrage (perimetre x hauteur x nombre) | G46: =(D34*2+E34*2)*F34*C34 -> 26.88 | H46: m2
B47: Nombre de planches | G47: =ROUNDUP((G46/(PLANCHE_L*PLANCHE_LARGEUR))*MAJORATION_ACHAT,0) -> 33
B48: Volume bois (planches) | G48: =G47*PLANCHE_L*PLANCHE_LARGEUR*PLANCHE_e -> 1.485
B49: Traverses (20%) et chevrons | G49: =G48*TRAVERSES_PCT -> 0.297 | H49: =ROUNDUP(G49/CHEVRON_TRAV_V1,0) -> 24 | I49: chevrons
B50: Volume total bois | G50: =G48+G49 -> 1.782 | H50: m3
B51: Clous | G51: =((G48/PLANCHE_e)+(G49/PLANCHE_e))*CLOUS_COFFRAGE_KGM2 -> 5.346 | H51: kg
A53: 2.2 CEINTURE / CHAINAGE (un anneau par plancher haut)
B55: Ceinture haute du RDC (support du plancher Etage 1)
B56: Dosage (kg/m3) | C56: 350
B57: Element | C57: Perimetre (m) | D57: Largeur b (m) | E57: Hauteur H (m) | H57: Volume (m3)
B58: Poutre / ceinture | C58: 33.6 | D58: 0.15 | E58: 0.2 | H58: =C58*D58*E58 -> 1.008
B59: Ciment | G59: =ROUNDUP(H58*C56/POIDS_SAC_CIMENT,0) -> 8 | H59: sacs
B60: Gravier | G60: =H58*COEF_GRAVIER_VOL*DENSITE_GRAVIER -> 1.29024 | H60: tonnes
B61: Sable | G61: =H58*COEF_SABLE_VOL*DENSITE_SABLE -> 0.6048 | H61: tonnes
B62: Eau | G62: =H58*C56/EAU_PAR_DOSAGE -> 176.4 | H62: litres
B63: Armature principale | C63: 12 | D63: 4 | E63: diam(mm) / nbre barres
C64: Diametre | D64: Ld=perimetre (m) | E64: Recouvrt (m) | F64: Nbre files | G64: Nbre barres 12m | H64: Poids (kg)
C65: =C63 -> 12 | D65: =C58 -> 33.6 | E65: =(C65/1000)*INDEX(TAB_NUANCE_COEF,MATCH(NUANCE_HA_DEFAUT,TAB_NUANCE_NOM,0)) -> 0.48 | F65: =D63 -> 4 | G65: =IF(D65<=LONG_BARRE_UTILE,ROUNDUP(F65/MAX(1,INT(LONG_BARRE_UTILE/D65)),0),F65+ROUNDUP(F65/MAX(1,INT(LONG_BARRE_UTILE/(D65+E65-LONG_BARRE_UTILE))),0)) -> 8 | H65: =G65*LONG_BARRE_COMMERCIALE*IFERROR(INDEX(TAB_ACIER_POIDS,MATCH(C65,TAB_ACIER_DIAM,0)),0) -> 84.48
B66: Cadre | C66: 6 | D66: 0.2 | E66: espacement (m)
C67: Diametre | D67: Nbre cadres | E67: Ld/cadre (m) | F67: Recouvrt (m) | G67: Nbre barres 12m | H67: Poids (kg)
C68: =C66 -> 6 | D68: =IF(C58=0,0,ROUNDUP(C58/D66+1,0)) -> 169 | E68: =((D58-2*ENROBAGE)+(E58-2*ENROBAGE))*2 -> 0.54 | F68: =(C68/1000)*INDEX(TAB_NUANCE_COEF,MATCH(NUANCE_RL_DEFAUT,TAB_NUANCE_NOM,0)) -> 0.3 | G68: =IF(E68<=LONG_BARRE_UTILE,ROUNDUP(D68/MAX(1,INT(LONG_BARRE_UTILE/E68)),0),D68+ROUNDUP(D68/MAX(1,INT(LONG_BARRE_UTILE/(E68+F68-LONG_BARRE_UTILE))),0)) -> 9 | H68: =G68*LONG_BARRE_COMMERCIALE*IFERROR(INDEX(TAB_ACIER_POIDS,MATCH(C68,TAB_ACIER_DIAM,0)),0) -> 23.976
B69: Fil de ligature (5%) | G69: =(H65+H68)*FIL_LIGATURE_PCT -> 5.4228 | H69: kg
B70: Coffrage (perimetre x hauteur x 2 faces) | G70: =C58*E58*2 -> 13.44 | H70: m2
B71: Nombre de planches | G71: =ROUNDUP((G70/(PLANCHE_L*PLANCHE_LARGEUR))*MAJORATION_ACHAT,0) -> 17
B72: Volume bois (planches) | G72: =G71*PLANCHE_L*PLANCHE_LARGEUR*PLANCHE_e -> 0.765
B73: Traverses (20%) et chevrons | G73: =G72*TRAVERSES_PCT -> 0.153 | H73: =ROUNDUP(G73/CHEVRON_TRAV_V1,0) -> 13 | I73: chevrons
B74: Volume total bois | G74: =G72+G73 -> 0.918 | H74: m3
B75: Clous | G75: =((G72/PLANCHE_e)+(G73/PLANCHE_e))*CLOUS_COFFRAGE_KGM2 -> 2.754 | H75: kg
B77: Ceinture haute de l'Etage 1 (chainage de couronnement)
B78: Dosage (kg/m3) | C78: 350
B79: Element | C79: Perimetre (m) | D79: Largeur b (m) | E79: Hauteur H (m) | H79: Volume (m3)
B80: Poutre / ceinture | C80: 33.6 | D80: 0.15 | E80: 0.2 | H80: =C80*D80*E80 -> 1.008
B81: Ciment | G81: =ROUNDUP(H80*C78/POIDS_SAC_CIMENT,0) -> 8 | H81: sacs
B82: Gravier | G82: =H80*COEF_GRAVIER_VOL*DENSITE_GRAVIER -> 1.29024 | H82: tonnes
B83: Sable | G83: =H80*COEF_SABLE_VOL*DENSITE_SABLE -> 0.6048 | H83: tonnes
B84: Eau | G84: =H80*C78/EAU_PAR_DOSAGE -> 176.4 | H84: litres
B85: Armature principale | C85: 12 | D85: 4 | E85: diam(mm) / nbre barres
C86: Diametre | D86: Ld=perimetre (m) | E86: Recouvrt (m) | F86: Nbre files | G86: Nbre barres 12m | H86: Poids (kg)
C87: =C85 -> 12 | D87: =C80 -> 33.6 | E87: =(C87/1000)*INDEX(TAB_NUANCE_COEF,MATCH(NUANCE_HA_DEFAUT,TAB_NUANCE_NOM,0)) -> 0.48 | F87: =D85 -> 4 | G87: =IF(D87<=LONG_BARRE_UTILE,ROUNDUP(F87/MAX(1,INT(LONG_BARRE_UTILE/D87)),0),F87+ROUNDUP(F87/MAX(1,INT(LONG_BARRE_UTILE/(D87+E87-LONG_BARRE_UTILE))),0)) -> 8 | H87: =G87*LONG_BARRE_COMMERCIALE*IFERROR(INDEX(TAB_ACIER_POIDS,MATCH(C87,TAB_ACIER_DIAM,0)),0) -> 84.48
B88: Cadre | C88: 6 | D88: 0.2 | E88: espacement (m)
C89: Diametre | D89: Nbre cadres | E89: Ld/cadre (m) | F89: Recouvrt (m) | G89: Nbre barres 12m | H89: Poids (kg)
C90: =C88 -> 6 | D90: =IF(C80=0,0,ROUNDUP(C80/D88+1,0)) -> 169 | E90: =((D80-2*ENROBAGE)+(E80-2*ENROBAGE))*2 -> 0.54 | F90: =(C90/1000)*INDEX(TAB_NUANCE_COEF,MATCH(NUANCE_RL_DEFAUT,TAB_NUANCE_NOM,0)) -> 0.3 | G90: =IF(E90<=LONG_BARRE_UTILE,ROUNDUP(D90/MAX(1,INT(LONG_BARRE_UTILE/E90)),0),D90+ROUNDUP(D90/MAX(1,INT(LONG_BARRE_UTILE/(E90+F90-LONG_BARRE_UTILE))),0)) -> 9 | H90: =G90*LONG_BARRE_COMMERCIALE*IFERROR(INDEX(TAB_ACIER_POIDS,MATCH(C90,TAB_ACIER_DIAM,0)),0) -> 23.976
B91: Fil de ligature (5%) | G91: =(H87+H90)*FIL_LIGATURE_PCT -> 5.4228 | H91: kg
B92: Coffrage (perimetre x hauteur x 2 faces) | G92: =C80*E80*2 -> 13.44 | H92: m2
B93: Nombre de planches | G93: =ROUNDUP((G92/(PLANCHE_L*PLANCHE_LARGEUR))*MAJORATION_ACHAT,0) -> 17
B94: Volume bois (planches) | G94: =G93*PLANCHE_L*PLANCHE_LARGEUR*PLANCHE_e -> 0.765
B95: Traverses (20%) et chevrons | G95: =G94*TRAVERSES_PCT -> 0.153 | H95: =ROUNDUP(G95/CHEVRON_TRAV_V1,0) -> 13 | I95: chevrons
B96: Volume total bois | G96: =G94+G95 -> 0.918 | H96: m3
B97: Clous | G97: =((G94/PLANCHE_e)+(G95/PLANCHE_e))*CLOUS_COFFRAGE_KGM2 -> 2.754 | H97: kg
A99: 2.3 LINTEAUX ET APPUIS (au-dessus des baies)
B101: Linteaux - RDC
B102: Dosage (kg/m3) | C102: 350
B103: Element | C103: Nombre | D103: Longueur moy. (m) | E103: Largeur (m) | F103: Hauteur (m) | G103: Volume unit. (m3) | H103: Volume total (m3)
B104: Linteaux / appuis | C104: 9 | D104: 1.4 | E104: 0.15 | F104: 0.15 | G104: =D104*E104*F104 -> 0.0315 | H104: =G104*C104 -> 0.2835
B105: Ciment | G105: =ROUNDUP(H104*C102/POIDS_SAC_CIMENT,0) -> 2 | H105: sacs
B106: Gravier | G106: =H104*COEF_GRAVIER_VOL*DENSITE_GRAVIER -> 0.36288 | H106: tonnes
B107: Sable | G107: =H104*COEF_SABLE_VOL*DENSITE_SABLE -> 0.1701 | H107: tonnes
B108: Eau | G108: =H104*C102/EAU_PAR_DOSAGE -> 49.6125 | H108: litres
B109: Armature (2 files par linteau) | C109: 10 | D109: 2 | E109: diam(mm) / nbre barres
C110: Diametre | D110: Ld/barre (m) | E110: Recouvrt (m) | F110: Nbre files | G110: Nbre barres 12m | H110: Poids (kg)
...

Sheet Dalle
A2: 3. PLANCHER (DALLE)
A3: Plancher haut de chaque niveau : dalle pleine (methode detaillee) ou hourdis (methode composite)
A5: Pour chaque niveau, choisissez UNE methode : remplissez soit le bloc 'dalle pleine', soit le bloc 'hourdis', et laissez l'autre a 0 (Nombre/Longueur=0). Le dernier plancher haut (sous toiture ou terrasse) est aussi a saisir ici si vous coulez une dalle plutot qu'une toiture en tole (voir feuille Charpente_Couverture).
A7: 3.1 PLANCHER HAUT RDC (entre RDC et Etage 1)
B9: Dalle pleine - Plancher haut RDC
B10: Dosage (kg/m3) | C10: 350
B11: Element | C11: Longueur L (m) | D11: Largeur l (m) | E11: Epaisseur e (m) | H11: Volume total (m3)
B12: Dalle pleine | C12: 9.65 | D12: 7.15 | E12: 0.1 | H12: =C12*D12*E12 -> 6.89975
B13: Ciment | G13: =ROUNDUP(H12*C10/POIDS_SAC_CIMENT,0) -> 49 | H13: sacs
B14: Gravier | G14: =H12*COEF_GRAVIER_VOL*DENSITE_GRAVIER -> 8.83168 | H14: tonnes
B15: Sable | G15: =H12*COEF_SABLE_VOL*DENSITE_SABLE -> 4.13985 | H15: tonnes
B16: Eau | G16: =H12*C10/EAU_PAR_DOSAGE -> 1207.4563 | H16: litres
C17: Diametre | D17: Espacement (m) | E17: Nbre files | F17: Ld (m) | G17: Nbre barres 12m | H17: Poids (kg)
C18: 10 | D18: 0.15 | E18: =IF(D12=0,0,ROUNDUP(D12/D18+1,0)) -> 49 | F18: =C12-2*ENROBAGE -> 9.61 | G18: =IF(F18<=LONG_BARRE_UTILE,ROUNDUP(E18/MAX(1,INT(LONG_BARRE_UTILE/F18)),0),E18+ROUNDUP(E18/MAX(1,INT(LONG_BARRE_UTILE/(F18+ROUND((C18/1000)*INDEX(TAB_NUANCE_COEF,MATCH(NUANCE_HA_DEFAUT,TAB_NUANCE_NOM,0)),3)-LONG_BARRE_UTILE))),0)) -> 49 | H18: =G18*LONG_BARRE_COMMERCIALE*IFERROR(INDEX(TAB_ACIER_POIDS,MATCH(C18,TAB_ACIER_DIAM,0)),0) -> 362.796
C19: Diametre | D19: Espacement (m) | E19: Nbre files | F19: Ld (m) | G19: Nbre barres 12m | H19: Poids (kg)
C20: 10 | D20: 0.15 | E20: =IF(C12=0,0,ROUNDUP(C12/D20+1,0)) -> 66 | F20: =D12-2*ENROBAGE -> 7.11 | G20: =IF(F20<=LONG_BARRE_UTILE,ROUNDUP(E20/MAX(1,INT(LONG_BARRE_UTILE/F20)),0),E20+ROUNDUP(E20/MAX(1,INT(LONG_BARRE_UTILE/(F20+ROUND((C20/1000)*INDEX(TAB_NUANCE_COEF,MATCH(NUANCE_HA_DEFAUT,TAB_NUANCE_NOM,0)),3)-LONG_BARRE_UTILE))),0)) -> 66 | H20: =G20*LONG_BARRE_COMMERCIALE*IFERROR(INDEX(TAB_ACIER_POIDS,MATCH(C20,TAB_ACIER_DIAM,0)),0) -> 488.664
B21: Fil de ligature (5%) | G21: =(H18+H20)*FIL_LIGATURE_PCT -> 42.573 | H21: kg
B22: Coffrage / etaiement (surface x ratio) | G22: =C12*D12*RATIO_COFFRAGE_DALLE -> 77.2772 | H22: m2
B23: Nombre de planches | G23: =ROUNDUP((G22/(PLANCHE_L*PLANCHE_LARGEUR))*MAJORATION_ACHAT,0) -> 95
B24: Volume bois (planches) | G24: =G23*PLANCHE_L*PLANCHE_LARGEUR*PLANCHE_e -> 4.275
B25: Traverses (20%) et chevrons | G25: =G24*TRAVERSES_PCT -> 0.855 | H25: =ROUNDUP(G25/CHEVRON_TRAV_V1,0) -> 69 | I25: chevrons
B26: Volume total bois | G26: =G24+G25 -> 5.13 | H26: m3
B27: Clous | G27: =((G24/PLANCHE_e)+(G25/PLANCHE_e))*CLOUS_COFFRAGE_KGM2 -> 15.39 | H27: kg
B29: Hourdis - Plancher haut RDC
B30: Element | C30: Longueur (m) | D30: Largeur (m) | E30: Type | G30: Surface | H30: Unite
B31: Plancher hourdis | C31: 0 | D31: 0 | E31: 12+4 | G31: =C31*D31 -> 0 | H31: m2
A32: Type '12+4' ou '16+4' (hourdis + dalle de compression) : systeme livre et pose par un fournisseur specialise, prix tout compris au m2 (voir Sous_Detail_Prix).
A34: 3.2 PLANCHER HAUT ETAGE 1 (toiture-terrasse ou sous comble)
B36: Dalle pleine - Plancher haut Etage 1
B37: Dosage (kg/m3) | C37: 350
B38: Element | C38: Longueur L (m) | D38: Largeur l (m) | E38: Epaisseur e (m) | H38: Volume total (m3)
B39: Dalle pleine | C39: 0 | D39: 0 | E39: 0.1 | H39: =C39*D39*E39 -> 0
B40: Ciment | G40: =ROUNDUP(H39*C37/POIDS_SAC_CIMENT,0) -> 0 | H40: sacs
B41: Gravier | G41: =H39*COEF_GRAVIER_VOL*DENSITE_GRAVIER -> 0 | H41: tonnes
B42: Sable | G42: =H39*COEF_SABLE_VOL*DENSITE_SABLE -> 0 | H42: tonnes
B43: Eau | G43: =H39*C37/EAU_PAR_DOSAGE -> 0 | H43: litres
C44: Diametre | D44: Espacement (m) | E44: Nbre files | F44: Ld (m) | G44: Nbre barres 12m | H44: Poids (kg)
C45: 10 | D45: 0.15 | E45: =IF(D39=0,0,ROUNDUP(D39/D45+1,0)) -> 0 | F45: =C39-2*ENROBAGE -> -0.04 | G45: =IF(F45<=LONG_BARRE_UTILE,ROUNDUP(E45/MAX(1,INT(LONG_BARRE_UTILE/F45)),0),E45+ROUNDUP(E45/MAX(1,INT(LONG_BARRE_UTILE/(F45+ROUND((C45/1000)*INDEX(TAB_NUANCE_COEF,MATCH(NUANCE_HA_DEFAUT,TAB_NUANCE_NOM,0)),3)-LONG_BARRE_UTILE))),0)) -> 0 | H45: =G45*LONG_BARRE_COMMERCIALE*IFERROR(INDEX(TAB_ACIER_POIDS,MATCH(C45,TAB_ACIER_DIAM,0)),0) -> 0
C46: Diametre | D46: Espacement (m) | E46: Nbre files | F46: Ld (m) | G46: Nbre barres 12m | H46: Poids (kg)
C47: 10 | D47: 0.15 | E47: =IF(C39=0,0,ROUNDUP(C39/D47+1,0)) -> 0 | F47: =D39-2*ENROBAGE -> -0.04 | G47: =IF(F47<=LONG_BARRE_UTILE,ROUNDUP(E47/MAX(1,INT(LONG_BARRE_UTILE/F47)),0),E47+ROUNDUP(E47/MAX(1,INT(LONG_BARRE_UTILE/(F47+ROUND((C47/1000)*INDEX(TAB_NUANCE_COEF,MATCH(NUANCE_HA_DEFAUT,TAB_NUANCE_NOM,0)),3)-LONG_BARRE_UTILE))),0)) -> 0 | H47: =G47*LONG_BARRE_COMMERCIALE*IFERROR(INDEX(TAB_ACIER_POIDS,MATCH(C47,TAB_ACIER_DIAM,0)),0) -> 0
B48: Fil de ligature (5%) | G48: =(H45+H47)*FIL_LIGATURE_PCT -> 0 | H48: kg
B49: Coffrage / etaiement (surface x ratio) | G49: =C39*D39*RATIO_COFFRAGE_DALLE -> 0 | H49: m2
B50: Nombre de planches | G50: =ROUNDUP((G49/(PLANCHE_L*PLANCHE_LARGEUR))*MAJORATION_ACHAT,0) -> 0
B51: Volume bois (planches) | G51: =G50*PLANCHE_L*PLANCHE_LARGEUR*PLANCHE_e -> 0
B52: Traverses (20%) et chevrons | G52: =G51*TRAVERSES_PCT -> 0 | H52: =ROUNDUP(G52/CHEVRON_TRAV_V1,0) -> 0 | I52: chevrons
B53: Volume total bois | G53: =G51+G52 -> 0 | H53: m3
B54: Clous | G54: =((G51/PLANCHE_e)+(G52/PLANCHE_e))*CLOUS_COFFRAGE_KGM2 -> 0 | H54: kg
B56: Hourdis - Plancher haut Etage 1
B57: Element | C57: Longueur (m) | D57: Largeur (m) | E57: Type | G57: Surface | H57: Unite
B58: Plancher hourdis | C58: 9.65 | D58: 7.15 | E58: 12+4 | G58: =C58*D58 -> 68.9975 | H58: m2
A59: Type '12+4' ou '16+4' (hourdis + dalle de compression) : systeme livre et pose par un fournisseur specialise, prix tout compris au m2 (voir Sous_Detail_Prix).
A61: 3.3 RESUME PLANCHER
B63: Grandeur | G63: Quantite | H63: Unite
B64: Volume beton arme (dalle pleine, RDC+Etage1) | G64: =H12+H39 -> 6.89975 | H64: m3
B65: Surface plancher hourdis (RDC+Etage1) | G65: =G31+G58 -> 68.9975 | H65: m2
B66: Ciment (dalle pleine) | G66: =G13+G40 -> 49 | H66: sacs
B67: Gravier (dalle pleine) | G67: =G14+G41 -> 8.83168 | H67: tonnes
B68: Sable (dalle pleine) | G68: =G15+G42 -> 4.13985 | H68: tonnes
B69: Eau (dalle pleine) | G69: =G16+G43 -> 1207.4563 | H69: litres
B70: Bois de coffrage (planches) | G70: =G23+G50 -> 95 | H70: pieces
B71: Bois de coffrage (chevrons) | G71: =H25+H52 -> 69 | H71: pieces
B72: Bois de coffrage (volume) | G72: =G26+G53 -> 5.13 | H72: m3
B73: Clous | G73: =G27+G54 -> 15.39 | H73: kg
B74: Fil de ligature | G74: =G21+G48 -> 42.573 | H74: kg
B76: Armature | C76: Diametre (mm) | G76: Nbre barres 12m | H76: Poids (kg)
B77: RDC - nappe suivant L | C77: =C18 -> 10 | G77: =G18 -> 49 | H77: =H18 -> 362.796
B78: RDC - nappe suivant l | C78: =C20 -> 10 | G78: =G20 -> 66 | H78: =H20 -> 488.664
B79: Etage1 - nappe suivant L | C79: =C45 -> 10 | G79: =G45 -> 0 | H79: =H45 -> 0
B80: Etage1 - nappe suivant l | C80: =C47 -> 10 | G80: =G47 -> 0 | H80: =H47 -> 0
A81: Total poids acier plancher (dalle pleine) | H81: =H77+H78+H79+H80 -> 851.46

Sheet Finition
A2: 4. FINITION
A3: Enduit, peinture, carrelage de sol et faience
A5: 4.1 ENDUIT (INTERIEUR + EXTERIEUR)
B7: Element | C7: Surface (m2) | G7: Quantite | H7: Unite
B8: Surface totale a enduire (2 faces des murs) | C8: 159
B9: Ciment | G9: =ROUNDUP(C8*ENDUIT_CIMENT_KGM2/POIDS_SAC_CIMENT,0) -> 26 | H9: sacs
B10: Sable | G10: =(G9*POIDS_SAC_CIMENT/DOSAGE_MORTIER_MACONNERIE)*COEF_SABLE_MORTIER*DENSITE_SABLE -> 6.5 | H10: tonnes
B11: Eau | G11: =(G9*POIDS_SAC_CIMENT)*RATIO_EAU_CIMENT_MORTIER -> 650 | H11: litres
A13: Regle du guide (p.12) : 8 kg de ciment par m2 a enduire. Le sable et l'eau suivent le meme mortier de pose que la maconnerie (dosage 300 kg/m3).
A15: 4.2 PEINTURE
B17: Element | C17: Surface (m2) | G17: Quantite | H17: Unite
B18: Surface totale a peindre | C18: 159
A19: Les 3 lignes ci-dessous sont 3 options alternatives (meme surface) : le devis final n'en retient qu'une (peinture latex par defaut).
B20: Option A - Peinture latex (2 couches) | G20: =C18/PEINTURE_LATEX_M2_KG -> 39.75 | H20: kg
B21: Option B - Peinture classique (glycero/eau) | G21: =(C18/PEINTURE_CLASSIQUE_M2_L)*NB_COUCHES_PEINTURE -> 31.8 | H21: litres
B22: Option C - Badigeon a la chaux | G22: =(C18/CHAUX_M2_KG)*NB_COUCHES_PEINTURE -> 53 | H22: kg
A24: 4.3 CARRELAGE DE SOL
B26: Element | C26: Surface (m2) | D26: Epaisseur mortier (m) | G26: Quantite | H26: Unite
B27: Surface de sol a carreler | C27: 69.05 | D27: 0.03
B28: Nombre de carreaux (30x30, majore de 10%) | G28: =ROUNDUP((C27/CARREAUX_S1)*MAJORATION_CARRELAGE,0) -> 844 | H28: pieces
B29: Cartons de carreaux (12 pieces) | G29: =ROUNDUP(G28/12,0) -> 71 | H29: cartons
B30: Ciment colle | G30: =C27*CIMENT_COLLE_KGM2 -> 552.4 | H30: kg
B31: Sable du mortier de pose | G31: =C27*(D27*100)*SABLE_MORTIER_L_CM_M2*DENSITE_SABLE/1000 -> 3.10725 | H31: tonnes
B32: Ciment du mortier de pose | G32: =ROUNDUP((C27*D27)*DOSAGE_MORTIER_MACONNERIE/POIDS_SAC_CIMENT,0) -> 13 | H32: sacs
A34: 4.4 FAIENCE MURALE (cuisine, sanitaires)
B36: Element | C36: Surface (m2) | G36: Quantite | H36: Unite
B37: Surface murale a habiller | C37: 25
B38: Nombre de faience (25x40, majore de 10%) | G38: =ROUNDUP((C37/FAIENCE_S1)*MAJORATION_CARRELAGE,0) -> 275 | H38: pieces
B39: Cartons de faience (10 pieces) | G39: =ROUNDUP(G38/10,0) -> 28 | H39: cartons
B40: Ciment colle | G40: =C37*CIMENT_COLLE_KGM2 -> 200 | H40: kg
A42: 4.5 RESUME FINITION
B44: Materiau | G44: Quantite totale | H44: Unite
B45: Ciment (enduit + mortier de pose carrelage) | G45: =G9+G32 -> 39 | H45: sacs
B46: Sable (enduit + mortier de pose carrelage) | G46: =G10+G31 -> 9.60725 | H46: tonnes
B47: Eau | G47: =G11 -> 650 | H47: litres
B48: Ciment colle (carrelage + faience) | G48: =G30+G40 -> 752.4 | H48: kg
B49: Peinture latex (option retenue par defaut) | G49: =G20 -> 39.75 | H49: kg
B50: Carreaux de sol | G50: =G29 -> 71 | H50: cartons
B51: Faience murale | G51: =G39 -> 28 | H51: cartons
A53: Surfaces retenues pour le devis (pour reference).
B54: Surface | G54: m2
B55: Enduit / peinture | G55: =C8 -> 159
B56: Carrelage de sol | G56: =C27 -> 69.05
B57: Faience murale | G57: =C37 -> 25

Sheet Charpente_Couverture
A2: 5. CHARPENTE ET COUVERTURE
A3: Fermes et pannes en bois (methode simplifiee), tolerie de couverture
A5: 5.1 CHARPENTE BOIS
A7: Methode simplifiee : la longueur developpee de chaque ferme (entrait + 2 arbaletriers) est majoree forfaitairement de 15% pour couvrir poinçon, fiches, contre-fiches et assemblages. Pour une charpente complexe, faites calculer la note de charpente par un bureau d'etudes.
B8: Parametre | C8: Valeur | D8: Unite
B9: Largeur du batiment (portee) | C9: 7.15 | D9: m
B10: Longueur du batiment | C10: 9.65 | D10: m
B11: Debord de toiture (chaque cote) | C11: 0.5 | D11: m
B12: Hauteur au faitage (par rapport a l'entrait) | C12: 1.5 | D12: m
B13: Ecartement entre fermes | C13: 2.5 | D13: m
B14: Section du bois (entrait / arbaletrier / panne) | C14: 0.08 | D14: 0.08 | E14: m x m
B16: Calcul | G16: Valeur | H16: Unite
B17: Nombre de fermes | G17: =ROUNDUP(C10/C13+1,0) -> 5
B18: Entrait (portee + 2 debords) | G18: =C9+2*C11 -> 8.15 | H18: m
B19: Arbaletrier (par pente) | G19: =SQRT((G18/2)^2+C12^2) -> 4.3423064 | H19: m
B20: Longueur developpee par ferme (entrait + 2 arbaletriers, +15%) | G20: =(G18+2*G19)*1.15 -> 19.359805 | H20: m
B21: Volume de bois des fermes | G21: =G17*G20*C14*D14 -> 0.61951375 | H21: m3
B23: Pannes | C23: Nombre de lignes / versant | D23: Longueur (m) | G23: Volume | H23: Unite
B24: Pannes (2 versants) | C24: 5 | D24: =C10+2*C11 -> 10.65 | G24: =C24*2*D24*C14*D14 -> 0.6816 | H24: m3
A25: Volume total de bois de charpente | G25: =G21+G24 -> 1.3011138
B26: Clous / boulons de charpente | G26: =G25*CLOUS_CHARPENTE_KGM3 -> 26.022275 | H26: kg
A28: 5.2 COUVERTURE EN TOLES
B30: Element | C30: Valeur | D30: Unite
B31: Surface a couvrir = (long. + 2 debords) x (larg. + 2 debords) | C31: =(C10+2*C11)*(C9+2*C11) -> 86.7975 | D31: m2
B32: Largeur utile d'une tole (apres recouvrement) | C32: 0.85 | D32: m
B33: Longueur d'une tole | C33: 3 | D33: m
B35: Calcul | G35: Valeur | H35: Unite
B36: Nombre de toles (2 pans, majore de 10%) | G36: =ROUNDUP((C31/(C32*C33))*MAJORATION_ACHAT,0)*2 -> 76 | H36: pieces
B37: Longueur d'une tole faitiere | C37: 2.5 | D37: m
B38: Nombre de toles faitieres | G38: =ROUNDUP(C10/C37,0)+1 -> 5 | H38: pieces
B39: Clous / pointes de couverture | G39: =(C31*2)*CLOUS_COUVERTURE_KGM2 -> 17.3595 | H39: kg
A41: 5.3 TOITURE-TERRASSE ACCESSIBLE (variante plate, immeuble a etage)
A43: Variante de toiture plate avec acrotere, utilisee a la place de la charpente+couverture en tole (bloc 5.1-5.2) pour un immeuble a etage. Laissez a 0 la surface non utilisee (charpente/couverture OU terrasse).
B44: Dosage (kg/m3) | C44: 350
B45: Acrotere | C45: Perimetre (m) | D45: Largeur b (m) | E45: Hauteur H (m) | H45: Volume (m3)
B46: Chainage de couronnement sur acrotere | C46: 33.6 | D46: 0.15 | E46: 0.15 | H46: =C46*D46*E46 -> 0.756
B47: Ciment | G47: =ROUNDUP(H46*C44/POIDS_SAC_CIMENT,0) -> 6 | H47: sacs
B48: Gravier | G48: =H46*COEF_GRAVIER_VOL*DENSITE_GRAVIER -> 0.96768 | H48: tonnes
B49: Sable | G49: =H46*COEF_SABLE_VOL*DENSITE_SABLE -> 0.4536 | H49: tonnes
B50: Eau | G50: =H46*C44/EAU_PAR_DOSAGE -> 132.3 | H50: litres
B51: Maconnerie de l'acrotere (agglos) | D51: 0.6 | E51: hauteur (m) | G51: =C46*D51 -> 20.16 | H51: m2
B52: Enduits acrotere (interieur + exterieur) | G52: =G51*2 -> 40.32 | H52: m2
B54: Forme de pente | C54: Longueur (m) | D54: Largeur (m) | G54: Surface | H54: Unite
B55: Forme de pente sur terrasse accessible | C55: 9.65 | D55: 7.15 | G55: =C55*D55 -> 68.9975 | H55: m2
A57: 5.4 RESUME CHARPENTE, COUVERTURE ET TERRASSE
B59: Grandeur | G59: Quantite | H59: Unite
B60: Bois de charpente (volume) | G60: =G25 -> 1.3011138 | H60: m3
B61: Clous / boulons de charpente | G61: =G26 -> 26.022275 | H61: kg
B62: Surface de toiture | G62: =C31 -> 86.7975 | H62: m2
B63: Toles de couverture | G63: =G36 -> 76 | H63: pieces
B64: Toles faitieres | G64: =G38 -> 5 | H64: pieces
B65: Clous / pointes de couverture | G65: =G39 -> 17.3595 | H65: kg
B66: Chainage d'acrotere (beton arme) | G66: =H46 -> 0.756 | H66: m3
B67: Maconnerie acrotere | G67: =G51 -> 20.16 | H67: m2
B68: Enduits acrotere | G68: =G52 -> 40.32 | H68: m2
B69: Forme de pente sur terrasse | G69: =G55 -> 68.9975 | H69: m2
B70: Ciment acrotere (a ajouter au total ciment) | G70: =G47 -> 6 | H70: sacs
B71: Gravier acrotere | G71: =G48 -> 0.96768 | H71: tonnes
B72: Sable acrotere | G72: =G49 -> 0.4536 | H72: tonnes
B73: Eau acrotere | G73: =G50 -> 132.3 | H73: litres

Sheet Sous_Detail_Prix
A2: SOUS DETAIL DES PRIX UNITAIRES
A3: Prix tout compris (materiaux + main d'oeuvre) de chaque ouvrage courant. Alimente Devis_Entreprise.
A5: Principe du guide : "1 m3 de beton arme dose a 350 kg/m3 vaut X FCFA, ceci comprend les materiaux, la main d'oeuvre et les divers". Les ratios en bleu ci-dessous sont des moyennes generales a ajuster selon votre projet.
B7: Prix moyen de l'acier pose (base HA10) | C7: =PU_HA10/(LONG_BARRE_COMMERCIALE*IFERROR(INDEX(TAB_ACIER_POIDS,MATCH(10,TAB_ACIER_DIAM,0)),1)) -> 567.26094 | D7: FCFA/kg
B8: Prix moyen du bois de coffrage | C8: =PU_PLANCHE/(PLANCHE_L*PLANCHE_LARGEUR*PLANCHE_e) -> 66666.667 | D8: FCFA/m3
A10: BETON DE PROPRETE (non arme)
B12: Composante | C12: Quantite / m3 | D12: Prix unitaire | E12: Cout / m3
B13: Dosage | C13: 150 | D13: kg/m3
B14: Ciment | C14: =C13/POIDS_SAC_CIMENT -> 3 | D14: =PU_CIMENT -> 5500 | E14: =C14*D14 -> 16500
B15: Gravier | C15: =COEF_GRAVIER_VOL*DENSITE_GRAVIER -> 1.28 | D15: =PU_GRAVIER -> 25000 | E15: =C15*D15 -> 32000
B16: Sable | C16: =COEF_SABLE_VOL*DENSITE_SABLE -> 0.6 | D16: =PU_SABLE -> 15000 | E16: =C16*D16 -> 9000
B17: Eau | C17: =(C13/EAU_PAR_DOSAGE)/1000 -> 0.075 | D17: =PU_EAU -> 1500 | E17: =C17*D17 -> 112.5
A18: Prix materiaux / m3 | E18: =(E14+E15+E16+E17) -> 57612.5
B19: Main d'oeuvre | C19: =PU_MO_POURCENT -> 0.28 | E19: =E18*C19 -> 16131.5
A20: PRIX TOUT COMPRIS / m3 | E20: =E18+E19 -> 73744
A22: BETON DOSE A 250 kg/m3 (non arme : chape, sous pavement)
B24: Composante | C24: Quantite / m3 | D24: Prix unitaire | E24: Cout / m3
B25: Dosage | C25: 250 | D25: kg/m3
B26: Ciment | C26: =C25/POIDS_SAC_CIMENT -> 5 | D26: =PU_CIMENT -> 5500 | E26: =C26*D26 -> 27500
B27: Gravier | C27: =COEF_GRAVIER_VOL*DENSITE_GRAVIER -> 1.28 | D27: =PU_GRAVIER -> 25000 | E27: =C27*D27 -> 32000
B28: Sable | C28: =COEF_SABLE_VOL*DENSITE_SABLE -> 0.6 | D28: =PU_SABLE -> 15000 | E28: =C28*D28 -> 9000
B29: Eau | C29: =(C25/EAU_PAR_DOSAGE)/1000 -> 0.125 | D29: =PU_EAU -> 1500 | E29: =C29*D29 -> 187.5
A30: Prix materiaux / m3 | E30: =(E26+E27+E28+E29) -> 68687.5
B31: Main d'oeuvre | C31: =PU_MO_POURCENT -> 0.28 | E31: =E30*C31 -> 19232.5
A32: PRIX TOUT COMPRIS / m3 | E32: =E30+E31 -> 87920
A34: BETON ARME DOSE A 350 kg/m3 (semelles, colonnes, ceinture, dalle)
B36: Composante | C36: Quantite / m3 | D36: Prix unitaire | E36: Cout / m3
B37: Dosage | C37: 350 | D37: kg/m3
B38: Ciment | C38: =C37/POIDS_SAC_CIMENT -> 7 | D38: =PU_CIMENT -> 5500 | E38: =C38*D38 -> 38500
B39: Gravier | C39: =COEF_GRAVIER_VOL*DENSITE_GRAVIER -> 1.28 | D39: =PU_GRAVIER -> 25000 | E39: =C39*D39 -> 32000
B40: Sable | C40: =COEF_SABLE_VOL*DENSITE_SABLE -> 0.6 | D40: =PU_SABLE -> 15000 | E40: =C40*D40 -> 9000
B41: Eau | C41: =(C37/EAU_PAR_DOSAGE)/1000 -> 0.175 | D41: =PU_EAU -> 1500 | E41: =C41*D41 -> 262.5
B42: Acier (ratio moyen, a ajuster) | C42: 130 | D42: =C7 -> 567.26094 | E42: =C42*D42 -> 73743.922
B43: Coffrage bois (ratio moyen, a ajuster) | C43: 0.9 | D43: =C8 -> 66666.667 | E43: =C43*D43 -> 60000
A44: Prix materiaux / m3 | E44: =(E38+E39+E40+E41+E42+E43) -> 213506.42
B45: Main d'oeuvre | C45: =PU_MO_POURCENT -> 0.28 | E45: =E44*C45 -> 59781.798
A46: PRIX TOUT COMPRIS / m3 | E46: =E44+E45 -> 273288.22
A48: MACONNERIE EN MOELLON (par m3)
B50: Composante | C50: Quantite / m3 | D50: Prix unitaire | E50: Cout / m3
B51: Dosage du mortier de hourdage | C51: 250 | D51: kg/m3
B52: Moellon (70%) | C52: =MOELLON_PCT_VOLUME*DENSITE_MOELLON -> 1.12 | D52: =PU_MOELLON -> 17000 | E52: =C52*D52 -> 19040
B53: Ciment (mortier, 30%) | C53: =(1-MOELLON_PCT_VOLUME)*C51/POIDS_SAC_CIMENT -> 1.5 | D53: =PU_CIMENT -> 5500 | E53: =C53*D53 -> 8250
B54: Sable (mortier) | C54: =(1-MOELLON_PCT_VOLUME)*COEF_SABLE_MORTIER*DENSITE_SABLE -> 0.45 | D54: =PU_SABLE -> 15000 | E54: =C54*D54 -> 6750
A55: Prix materiaux / m3 | E55: =E52+E53+E54 -> 34040
B56: Main d'oeuvre | C56: =PU_MO_POURCENT -> 0.28 | E56: =E55*C56 -> 9531.2
A57: PRIX TOUT COMPRIS / m3 | E57: =E55+E56 -> 43571.2
A59: MACONNERIE DE BLOCS (par m2)
B61: Composante | C61: Quantite / m2 | D61: Prix unitaire | E61: Cout / m2
B62: Dimensions du bloc (L x H) et epaisseur du mur | C62: 0.4 | D62: 0.2 | E62: 0.15
B63: Surface du bloc avec joint (Sp) | C63: =(C62+JOINT_MACONNERIE)*(D62+JOINT_MACONNERIE) -> 0.089225 | D63: m2
B64: Blocs | C64: =(1/C63)*MAJORATION_ACHAT -> 12.328383 | D64: =PU_BLOC15 -> 350 | E64: =C64*D64 -> 4314.9342
B65: Ciment (mortier de pose) | C65: =((C64/MAJORATION_ACHAT)*(C63-C62*D62)*E62)*DOSAGE_MORTIER_MACONNERIE/POIDS_SAC_CIMENT -> 0.093051275 | D65: =PU_CIMENT -> 5500 | E65: =C65*D65 -> 511.78201
B66: Sable (mortier de pose) | C66: =((C64/MAJORATION_ACHAT)*(C63-C62*D62)*E62)*COEF_SABLE_MORTIER*DENSITE_SABLE -> 0.023262819 | D66: =PU_SABLE -> 15000 | E66: =C66*D66 -> 348.94228
A67: Prix materiaux / m2 | E67: =E64+E65+E66 -> 5175.6584
B68: Main d'oeuvre | C68: =PU_MO_POURCENT -> 0.28 | E68: =E67*C68 -> 1449.1844
A69: PRIX TOUT COMPRIS / m2 | E69: =E67+E68 -> 6624.8428
A71: ENDUIT (par m2)
B73: Composante | C73: Quantite / m2 | D73: Prix unitaire | E73: Cout / m2
B74: Ciment | C74: =ENDUIT_CIMENT_KGM2/POIDS_SAC_CIMENT -> 0.16 | D74: =PU_CIMENT -> 5500 | E74: =C74*D74 -> 880
B75: Sable | C75: =(ENDUIT_CIMENT_KGM2/DOSAGE_MORTIER_MACONNERIE)*COEF_SABLE_MORTIER*DENSITE_SABLE -> 0.04 | D75: =PU_SABLE -> 15000 | E75: =C75*D75 -> 600
A76: Prix materiaux / m2 | E76: =E74+E75 -> 1480
B77: Main d'oeuvre | C77: =PU_MO_FINITION_POURCENT -> 0.22 | E77: =E76*C77 -> 325.6
A78: PRIX TOUT COMPRIS / m2 | E78: =E76+E77 -> 1805.6
A80: PEINTURE LATEX (par m2)
B82: Composante | C82: Quantite / m2 | D82: Prix unitaire | E82: Cout / m2
B83: Latex | C83: =1/PEINTURE_LATEX_M2_KG -> 0.25 | D83: =PU_LATEX -> 2800 | E83: =C83*D83 -> 700
B84: Main d'oeuvre (application) | C84: =PU_MO_FINITION_POURCENT -> 0.22 | E84: =E83*C84 -> 154
A85: PRIX TOUT COMPRIS / m2 | E85: =E83+E84 -> 854
A87: CARRELAGE DE SOL (par m2)
B89: Composante | C89: Quantite / m2 | D89: Prix unitaire | E89: Cout / m2
B90: Epaisseur du mortier de pose | C90: 0.03 | D90: m
B91: Carreaux (cartons de 12) | C91: =(1/CARREAUX_S1)*MAJORATION_CARRELAGE/12 -> 1.0185185 | D91: =PU_CARREAUX -> 6500 | E91: =C91*D91 -> 6620.3704
B92: Ciment colle | C92: =CIMENT_COLLE_KGM2 -> 8 | D92: =PU_CIMENTCOLLE -> 650 | E92: =C92*D92 -> 5200
B93: Sable (mortier de pose) | C93: =(C90*100)*SABLE_MORTIER_L_CM_M2*DENSITE_SABLE/1000 -> 0.045 | D93: =PU_SABLE -> 15000 | E93: =C93*D93 -> 675
B94: Ciment (mortier de pose) | C94: =ROUNDUP(C90*DOSAGE_MORTIER_MACONNERIE,0)/POIDS_SAC_CIMENT -> 0.18 | D94: =PU_CIMENT -> 5500 | E94: =C94*D94 -> 990
A95: Prix materiaux / m2 | E95: =E91+E92+E93+E94 -> 13485.37
B96: Main d'oeuvre (pose) | C96: =PU_MO_FINITION_POURCENT -> 0.22 | E96: =E95*C96 -> 2966.7815
A97: PRIX TOUT COMPRIS / m2 | E97: =E95+E96 -> 16452.152
A99: FAIENCE MURALE (par m2)
B101: Composante | C101: Quantite / m2 | D101: Prix unitaire | E101: Cout / m2
B102: Faience (cartons de 10) | C102: =(1/FAIENCE_S1)*MAJORATION_CARRELAGE/10 -> 1.1 | D102: =PU_FAIENCE -> 6000 | E102: =C102*D102 -> 6600
B103: Ciment colle | C103: =CIMENT_COLLE_KGM2 -> 8 | D103: =PU_CIMENTCOLLE -> 650 | E103: =C103*D103 -> 5200
A104: Prix materiaux / m2 | E104: =E102+E103 -> 11800
B105: Main d'oeuvre (pose) | C105: =PU_MO_FINITION_POURCENT -> 0.22 | E105: =E104*C105 -> 2596
A106: PRIX TOUT COMPRIS / m2 | E106: =E104+E105 -> 14396
A108: CHARPENTE BOIS (par m3)
B110: Composante | C110: Quantite / m3 | D110: Prix unitaire | E110: Cout / m3
B111: Bois | C111: 1 | D111: =C8 -> 66666.667 | E111: =C111*D111 -> 66666.667
B112: Clous / boulons | C112: =CLOUS_CHARPENTE_KGM3 -> 20 | D112: =PU_CLOUS -> 1000 | E112: =C112*D112 -> 20000
A113: Prix materiaux / m3 | E113: =E111+E112 -> 86666.667
B114: Main d'oeuvre (taille et pose) | C114: =PU_MO_FINITION_POURCENT -> 0.22 | E114: =E113*C114 -> 19066.667
A115: PRIX TOUT COMPRIS / m3 | E115: =E113+E114 -> 105733.33
A117: COUVERTURE EN TOLES (par m2 de surface couverte)
B119: Composante | C119: Quantite / m2 | D119: Prix unitaire | E119: Cout / m2
B120: Toles (ratio observe : 0,876 tole/m2, guide p.64) | C120: 0.876 | D120: =PU_TOLE -> 7500 | E120: =C120*D120 -> 6570
B121: Clous / pointes | C121: =2*CLOUS_COUVERTURE_KGM2 -> 0.2 | D121: =PU_CLOUS -> 1000 | E121: =C121*D121 -> 200
A122: Prix materiaux / m2 | E122: =E120+E121 -> 6770
B123: Main d'oeuvre (pose) | C123: =PU_MO_FINITION_POURCENT -> 0.22 | E123: =E122*C123 -> 1489.4
A124: PRIX TOUT COMPRIS / m2 | E124: =E122+E123 -> 8259.4
A126: TERRASSEMENT - DEBLAIS / REMBLAIS (par m3, forfait)
...

Sheet Devis_Particulier
A2: BORDEREAU QUANTITATIF ET ESTIMATIF DES TRAVAUX D'UN BATIMENT
A3: Devis detaille par nature de materiaux, corps d'etat par corps d'etat (modele particulier)
A5: Structure reprise du modele fourni (bordereau par corps d'etat). Chaque quantite est liee aux feuilles de calcul ; chaque prix unitaire est liee a Prix_Unitaires / Sous_Detail_Prix.
B7: Designation | C7: Unite | D7: Qtte | E7: P.U (FCFA) | F7: P.T (FCFA)
B8: TERRASSEMENT ET INSTALLATION DE CHANTIER
A9: 1 | B9: Installation de chantier | C9: fft | D9: =1 -> 1 | E9: =PU_AMENEE_REPLI -> 200000 | F9: =D9*E9 -> 200000
A10: 2 | B10: Fouilles en puits (semelles isolees) | C10: m3 | D10: =Fondation!$G$162 -> 4.563 | E10: =PU_FOUILLE_PUITS -> 1886 | F10: =D10*E10 -> 8605.818
A11: 3 | B11: Fouilles en tranchee (longrines/fondation filante) | C11: m3 | D11: =Fondation!$G$163 -> 23.7315 | E11: =PU_FOUILLE_TRANCHEE -> 1162 | F11: =D11*E11 -> 27576.003
A12: 4 | B12: Remblais | C12: m3 | D12: =Fondation!$G$160 -> 46.868575 | E12: =PU_REMBLAI_FONDATION -> 1505 | F12: =D12*E12 -> 70537.205
A13: 5 | B13: Evacuation des deblais excedentaires | C13: m3 | D13: =Fondation!$G$161 -> 0 | E13: =PU_EVACUATION_DEBLAIS -> 1500 | F13: =D13*E13 -> 0
A14: Sous total Terrassement | F14: =SUM(F9:F13) -> 306719.03
B16: FONDATION
A17: 6 | B17: Ciment | C17: sac | D17: =Fondation!$G$169 -> 94 | E17: =PU_CIMENT -> 5500 | F17: =D17*E17 -> 517000
A18: 7 | B18: Gravier | C18: tonne | D18: =Fondation!$G$170 -> 17.50368 | E18: =PU_GRAVIER -> 25000 | F18: =D18*E18 -> 437592
A19: 8 | B19: Sable | C19: tonne | D19: =Fondation!$G$171 -> 13.1337 | E19: =PU_SABLE -> 15000 | F19: =D19*E19 -> 197005.5
A20: 9 | B20: Eau | C20: m3 | D20: =(Fondation!$G$172)/1000 -> 2.2723937 | E20: =PU_EAU -> 1500 | F20: =D20*E20 -> 3408.5906
A21: 10 | B21: Moellon | C21: tonne | D21: =Fondation!$G$173 -> 12.26736 | E21: =PU_MOELLON -> 17000 | F21: =D21*E21 -> 208545.12
A22: 11 | B22: Mur de soubassement en agglos pleins | C22: m2 | D22: =Fondation!$G$165 -> 36.51 | E22: =PU_MUR_SOUBASSEMENT -> 6045 | F22: =D22*E22 -> 220702.95
A23: 12 | B23: Bois de coffrage (planches) | C23: piece | D23: =Fondation!$G$174 -> 64 | E23: =PU_PLANCHE -> 3000 | F23: =D23*E23 -> 192000
A24: 13 | B24: Bois de coffrage (chevrons) | C24: piece | D24: =Fondation!$G$175 -> 47 | E24: =PU_CHEVRON -> 2200 | F24: =D24*E24 -> 103400
A25: 14 | B25: Clous | C25: kg | D25: =Fondation!$G$177 -> 10.368 | E25: =PU_CLOUS -> 1000 | F25: =D25*E25 -> 10368
A26: 15 | B26: Armature - maillage de semelle | C26: barre 12m | D26: =Fondation!$G$182 -> 5 | E26: =IFERROR(INDEX(TAB_PRIX_ACIER_VAL,MATCH(Fondation!$C$182,TAB_PRIX_ACIER_DIAM,0)),0) -> 4200 | F26: =D26*E26 -> 21000
A27: 16 | B27: Armature - colonne/amorce | C27: barre 12m | D27: =Fondation!$G$183 -> 6 | E27: =IFERROR(INDEX(TAB_PRIX_ACIER_VAL,MATCH(Fondation!$C$183,TAB_PRIX_ACIER_DIAM,0)),0) -> 4200 | F27: =D27*E27 -> 25200
A28: 17 | B28: Armature - cadre socle | C28: barre 12m | D28: =Fondation!$G$184 -> 3 | E28: =IFERROR(INDEX(TAB_PRIX_ACIER_RL_VAL,MATCH(Fondation!$C$184,TAB_PRIX_ACIER_RL_DIAM,0)),0) -> 2250 | F28: =D28*E28 -> 6750
A29: 18 | B29: Armature - longrine principale | C29: barre 12m | D29: =Fondation!$G$185 -> 8 | E29: =IFERROR(INDEX(TAB_PRIX_ACIER_VAL,MATCH(Fondation!$C$185,TAB_PRIX_ACIER_DIAM,0)),0) -> 6000 | F29: =D29*E29 -> 48000
A30: 19 | B30: Armature - longrine cadre | C30: barre 12m | D30: =Fondation!$G$186 -> 24 | E30: =IFERROR(INDEX(TAB_PRIX_ACIER_RL_VAL,MATCH(Fondation!$C$186,TAB_PRIX_ACIER_RL_DIAM,0)),0) -> 1250 | F30: =D30*E30 -> 30000
A31: 20 | B31: Fil a ligaturer | C31: kg | D31: =Fondation!$G$178 -> 12.204 | E31: =PU_FIL -> 1200 | F31: =D31*E31 -> 14644.8
A32: Sous total Fondation | F32: =SUM(F17:F31) -> 2035617
B34: ELEVATION (RDC + ETAGE)
A35: 21 | B35: Blocs / agglos creux | C35: piece | D35: =Elevation!$G$209 -> 1774 | E35: =PU_BLOC15 -> 350 | F35: =D35*E35 -> 620900
A36: 22 | B36: Ciment | C36: sac | D36: =Elevation!$G$205 -> 81 | E36: =PU_CIMENT -> 5500 | F36: =D36*E36 -> 445500
A37: 23 | B37: Gravier | C37: tonne | D37: =Elevation!$G$206 -> 11.34976 | E37: =PU_GRAVIER -> 25000 | F37: =D37*E37 -> 283744
A38: 24 | B38: Sable | C38: tonne | D38: =Elevation!$G$207 -> 8.667617 | E38: =PU_SABLE -> 15000 | F38: =D38*E38 -> 130014.26
A39: 25 | B39: Eau | C39: m3 | D39: =(Elevation!$G$208)/1000 -> 1.926725 | E39: =PU_EAU -> 1500 | F39: =D39*E39 -> 2890.0875
A40: 26 | B40: Bois de coffrage (planches) | C40: piece | D40: =Elevation!$G$210 -> 169 | E40: =PU_PLANCHE -> 3000 | F40: =D40*E40 -> 507000
A41: 27 | B41: Bois de coffrage (chevrons) | C41: piece | D41: =Elevation!$G$211 -> 76 | E41: =PU_CHEVRON -> 2200 | F41: =D41*E41 -> 167200
A42: 28 | B42: Clous | C42: kg | D42: =Elevation!$G$213 -> 27.378 | E42: =PU_CLOUS -> 1000 | F42: =D42*E42 -> 27378
A43: 29 | B43: Armature - Colonnes RDC - principale | C43: barre 12m | D43: =Elevation!$G$218 -> 16 | E43: =IFERROR(INDEX(TAB_PRIX_ACIER_VAL,MATCH(Elevation!$C$218,TAB_PRIX_ACIER_DIAM,0)),0) -> 6000 | F43: =D43*E43 -> 96000
A44: 30 | B44: Armature - Colonnes RDC - cadre | C44: barre 12m | D44: =Elevation!$G$219 -> 15 | E44: =IFERROR(INDEX(TAB_PRIX_ACIER_RL_VAL,MATCH(Elevation!$C$219,TAB_PRIX_ACIER_RL_DIAM,0)),0) -> 2250 | F44: =D44*E44 -> 33750
A45: 31 | B45: Armature - Colonnes Etage1 - principale | C45: barre 12m | D45: =Elevation!$G$220 -> 16 | E45: =IFERROR(INDEX(TAB_PRIX_ACIER_VAL,MATCH(Elevation!$C$220,TAB_PRIX_ACIER_DIAM,0)),0) -> 6000 | F45: =D45*E45 -> 96000
A46: 32 | B46: Armature - Colonnes Etage1 - cadre | C46: barre 12m | D46: =Elevation!$G$221 -> 15 | E46: =IFERROR(INDEX(TAB_PRIX_ACIER_RL_VAL,MATCH(Elevation!$C$221,TAB_PRIX_ACIER_RL_DIAM,0)),0) -> 2250 | F46: =D46*E46 -> 33750
A47: 33 | B47: Armature - Ceinture RDC - principale | C47: barre 12m | D47: =Elevation!$G$222 -> 8 | E47: =IFERROR(INDEX(TAB_PRIX_ACIER_VAL,MATCH(Elevation!$C$222,TAB_PRIX_ACIER_DIAM,0)),0) -> 6000 | F47: =D47*E47 -> 48000
A48: 34 | B48: Armature - Ceinture RDC - cadre | C48: barre 12m | D48: =Elevation!$G$223 -> 9 | E48: =IFERROR(INDEX(TAB_PRIX_ACIER_RL_VAL,MATCH(Elevation!$C$223,TAB_PRIX_ACIER_RL_DIAM,0)),0) -> 1250 | F48: =D48*E48 -> 11250
A49: 35 | B49: Armature - Ceinture Etage1 - principale | C49: barre 12m | D49: =Elevation!$G$224 -> 8 | E49: =IFERROR(INDEX(TAB_PRIX_ACIER_VAL,MATCH(Elevation!$C$224,TAB_PRIX_ACIER_DIAM,0)),0) -> 6000 | F49: =D49*E49 -> 48000
A50: 36 | B50: Armature - Ceinture Etage1 - cadre | C50: barre 12m | D50: =Elevation!$G$225 -> 9 | E50: =IFERROR(INDEX(TAB_PRIX_ACIER_RL_VAL,MATCH(Elevation!$C$225,TAB_PRIX_ACIER_RL_DIAM,0)),0) -> 1250 | F50: =D50*E50 -> 11250
A51: 37 | B51: Armature - Linteaux RDC | C51: barre 12m | D51: =Elevation!$G$226 -> 3 | E51: =IFERROR(INDEX(TAB_PRIX_ACIER_VAL,MATCH(Elevation!$C$226,TAB_PRIX_ACIER_DIAM,0)),0) -> 4200 | F51: =D51*E51 -> 12600
A52: 38 | B52: Armature - Linteaux Etage1 | C52: barre 12m | D52: =Elevation!$G$227 -> 3 | E52: =IFERROR(INDEX(TAB_PRIX_ACIER_VAL,MATCH(Elevation!$C$227,TAB_PRIX_ACIER_DIAM,0)),0) -> 4200 | F52: =D52*E52 -> 12600
A53: 39 | B53: Armature - Escalier | C53: barre 12m | D53: =Elevation!$G$228 -> 48 | E53: =IFERROR(INDEX(TAB_PRIX_ACIER_VAL,MATCH(Elevation!$C$228,TAB_PRIX_ACIER_DIAM,0)),0) -> 4200 | F53: =D53*E53 -> 201600
A54: 40 | B54: Fil a ligaturer | C54: kg | D54: =Elevation!$G$214 -> 54.5728 | E54: =PU_FIL -> 1200 | F54: =D54*E54 -> 65487.36
A55: Sous total Elevation | F55: =SUM(F35:F54) -> 2854913.7
B57: PLANCHER (DALLE)
A58: 41 | B58: Ciment (dalle pleine) | C58: sac | D58: =Dalle!$G$66 -> 49 | E58: =PU_CIMENT -> 5500 | F58: =D58*E58 -> 269500
A59: 42 | B59: Gravier (dalle pleine) | C59: tonne | D59: =Dalle!$G$67 -> 8.83168 | E59: =PU_GRAVIER -> 25000 | F59: =D59*E59 -> 220792
A60: 43 | B60: Sable (dalle pleine) | C60: tonne | D60: =Dalle!$G$68 -> 4.13985 | E60: =PU_SABLE -> 15000 | F60: =D60*E60 -> 62097.75
A61: 44 | B61: Eau (dalle pleine) | C61: m3 | D61: =(Dalle!$G$69)/1000 -> 1.2074563 | E61: =PU_EAU -> 1500 | F61: =D61*E61 -> 1811.1844
A62: 45 | B62: Bois de coffrage (planches) | C62: piece | D62: =Dalle!$G$70 -> 95 | E62: =PU_PLANCHE -> 3000 | F62: =D62*E62 -> 285000
A63: 46 | B63: Bois de coffrage (chevrons) | C63: piece | D63: =Dalle!$G$71 -> 69 | E63: =PU_CHEVRON -> 2200 | F63: =D63*E63 -> 151800
A64: 47 | B64: Clous | C64: kg | D64: =Dalle!$G$73 -> 15.39 | E64: =PU_CLOUS -> 1000 | F64: =D64*E64 -> 15390
A65: 48 | B65: Armature - Nappe suivant L | C65: barre 12m | D65: =Dalle!$G$77 -> 49 | E65: =IFERROR(INDEX(TAB_PRIX_ACIER_VAL,MATCH(Dalle!$C$77,TAB_PRIX_ACIER_DIAM,0)),0) -> 4200 | F65: =D65*E65 -> 205800
A66: 49 | B66: Armature - Nappe suivant l | C66: barre 12m | D66: =Dalle!$G$78 -> 66 | E66: =IFERROR(INDEX(TAB_PRIX_ACIER_VAL,MATCH(Dalle!$C$78,TAB_PRIX_ACIER_DIAM,0)),0) -> 4200 | F66: =D66*E66 -> 277200
A67: 50 | B67: Fil a ligaturer | C67: kg | D67: =Dalle!$G$74 -> 42.573 | E67: =PU_FIL -> 1200 | F67: =D67*E67 -> 51087.6
A68: 51 | B68: Plancher hourdis 12+4 (variante) | C68: m2 | D68: =Dalle!$G$65 -> 68.9975 | E68: =PU_HOURDIS_12_4 -> 9500 | F68: =D68*E68 -> 655476.25
A69: Sous total Plancher | F69: =SUM(F58:F68) -> 2195954.8
B71: FINITION
A72: 52 | B72: Carreaux de sol | C72: carton | D72: =Finition!$G$50 -> 71 | E72: =PU_CARREAUX -> 6500 | F72: =D72*E72 -> 461500
A73: 53 | B73: Faience murale | C73: carton | D73: =Finition!$G$51 -> 28 | E73: =PU_FAIENCE -> 6000 | F73: =D73*E73 -> 168000
A74: 54 | B74: Ciment (enduit + mortier de pose) | C74: sac | D74: =Finition!$G$45 -> 39 | E74: =PU_CIMENT -> 5500 | F74: =D74*E74 -> 214500
A75: 55 | B75: Ciment colle | C75: kg | D75: =Finition!$G$48 -> 752.4 | E75: =PU_CIMENTCOLLE -> 650 | F75: =D75*E75 -> 489060
A76: 56 | B76: Sable | C76: tonne | D76: =Finition!$G$46 -> 9.60725 | E76: =PU_SABLE -> 15000 | F76: =D76*E76 -> 144108.75
A77: 57 | B77: Eau | C77: m3 | D77: =(Finition!$G$47)/1000 -> 0.65 | E77: =PU_EAU -> 1500 | F77: =D77*E77 -> 975
A78: 58 | B78: Latex | C78: kg | D78: =Finition!$G$49 -> 39.75 | E78: =PU_LATEX -> 2800 | F78: =D78*E78 -> 111300
A79: Sous total Finition | F79: =SUM(F72:F78) -> 1589443.8
B81: CHARPENTE
A82: 59 | B82: Bois de charpente | C82: m3 | D82: =Charpente_Couverture!$G$60 -> 1.3011138 | E82: =Sous_Detail_Prix!$C$8 -> 66666.667 | F82: =D82*E82 -> 86740.917
A83: 60 | B83: Clous / boulons | C83: kg | D83: =Charpente_Couverture!$G$61 -> 26.022275 | E83: =PU_CLOUS -> 1000 | F83: =D83*E83 -> 26022.275
A84: 61 | B84: Peinture / lasure a bois | C84: litre | D84: =Charpente_Couverture!$G$60*11.2 -> 14.572474 | E84: =PU_PEINTURE_BOIS -> 3500 | F84: =D84*E84 -> 51003.659
A85: Sous total Charpente | F85: =SUM(F82:F84) -> 163766.85
B87: COUVERTURE
A88: 62 | B88: Toles (BG28) | C88: piece | D88: =Charpente_Couverture!$G$63 -> 76 | E88: =PU_TOLE -> 7500 | F88: =D88*E88 -> 570000
A89: 63 | B89: Toles faitieres | C89: piece | D89: =Charpente_Couverture!$G$64 -> 5 | E89: =PU_TOLE_FAIT -> 8500 | F89: =D89*E89 -> 42500
A90: 64 | B90: Clous | C90: kg | D90: =Charpente_Couverture!$G$65 -> 17.3595 | E90: =PU_CLOUS -> 1000 | F90: =D90*E90 -> 17359.5
A91: Sous total Couverture | F91: =SUM(F88:F90) -> 629859.5
B93: TOITURE-TERRASSE ACCESSIBLE (variante)
A94: 65 | B94: Ciment (chainage acrotere) | C94: sac | D94: =Charpente_Couverture!$G$70 -> 6 | E94: =PU_CIMENT -> 5500 | F94: =D94*E94 -> 33000
A95: 66 | B95: Gravier (chainage acrotere) | C95: tonne | D95: =Charpente_Couverture!$G$71 -> 0.96768 | E95: =PU_GRAVIER -> 25000 | F95: =D95*E95 -> 24192
A96: 67 | B96: Sable (chainage acrotere) | C96: tonne | D96: =Charpente_Couverture!$G$72 -> 0.4536 | E96: =PU_SABLE -> 15000 | F96: =D96*E96 -> 6804
A97: 68 | B97: Eau (chainage acrotere) | C97: m3 | D97: =(Charpente_Couverture!$G$73)/1000 -> 0.1323 | E97: =PU_EAU -> 1500 | F97: =D97*E97 -> 198.45
A98: 69 | B98: Maconnerie acrotere (tout compris) | C98: m2 | D98: =Charpente_Couverture!$G$67 -> 20.16 | E98: =Sous_Detail_Prix!$E$69 -> 6624.8428 | F98: =D98*E98 -> 133556.83
A99: 70 | B99: Enduits acrotere (tout compris) | C99: m2 | D99: =Charpente_Couverture!$G$68 -> 40.32 | E99: =Sous_Detail_Prix!$E$78 -> 1805.6 | F99: =D99*E99 -> 72801.792
A100: 71 | B100: Forme de pente sur terrasse | C100: m2 | D100: =Charpente_Couverture!$G$69 -> 68.9975 | E100: =PU_FORME_PENTE -> 3025 | F100: =D100*E100 -> 208717.44
A101: Sous total Toiture-terrasse | F101: =SUM(F94:F100) -> 479270.51
A103: TOTAL MATERIAUX (tous corps d'etat) | F103: =F14+F32+F55+F69+F79+F85+F91+F101 -> 10255545
B105: Imprevus | D105: =PU_IMPREVUS -> 0.05 | F105: =F103*D105 -> 512777.25
B106: Transport des materiaux | D106: =PU_TRANSPORT -> 0.05 | F106: =F103*D106 -> 512777.25
B107: Main d'oeuvre | D107: =PU_MO_POURCENT -> 0.28 | F107: =F103*D107 -> 2871552.6
A109: TOTAL DES TRAVAUX | F109: =F103+F105+F106+F107 -> 14152652
B111: Honoraires Architecte | D111: =PU_HONO_ARCHI -> 0.08 | F111: =F109*D111 -> 1132212.2
B112: Honoraires Ingenieur | D112: =PU_HONO_ING -> 0.08 | F112: =F109*D112 -> 1132212.2
A114: TOTAL GENERAL DU DEVIS | F114: =F109+F111+F112 -> 16417077
A116: Nous disons en toute lettre : le montant total ci-dessus, en francs CFA.

Sheet Devis_Entreprise
A2: DEVIS QUANTITATIF & ESTIMATIF - VILLA R+1
A3: Gros oeuvre par section (prix tout compris) + second oeuvre forfaitaire + TVA - modele entreprise
A5: Structure reprise du modele fourni. Le gros oeuvre est chiffre section par section avec les prix tout compris de Prix_Unitaires / Sous_Detail_Prix, relies aux feuilles de calcul. Le second oeuvre (menuiserie, plomberie, electricite...) n'est pas modelise dans ce classeur : saisissez vos propres forfaits en bleu.
B7: Designation | C7: Unite | D7: Quantite | E7: Prix unitaire | F7: Prix total
B8: TERRASSEMENTS ET PREPARATION DU CHANTIER
A9: 1 | B9: Amenee et repli de materiel | C9: ens | D9: =1 -> 1 | E9: =PU_AMENEE_REPLI -> 200000 | F9: =D9*E9 -> 200000
A10: 2 | B10: Fouilles en puits pour semelles isolees | C10: m3 | D10: =Fondation!$G$162 -> 4.563 | E10: =PU_FOUILLE_PUITS -> 1886 | F10: =D10*E10 -> 8605.818
A11: 3 | B11: Fouilles en tranchee pour longrines | C11: m3 | D11: =Fondation!$G$163 -> 23.7315 | E11: =PU_FOUILLE_TRANCHEE -> 1162 | F11: =D11*E11 -> 27576.003
A12: 4 | B12: Remblais (fondations + sous dallage) | C12: m3 | D12: =Fondation!$G$160 -> 46.868575 | E12: =PU_REMBLAI_FONDATION -> 1505 | F12: =D12*E12 -> 70537.205
A13: 5 | B13: Evacuation des deblais excedentaires | C13: m3 | D13: =Fondation!$G$161 -> 0 | E13: =PU_EVACUATION_DEBLAIS -> 1500 | F13: =D13*E13 -> 0
A14: Sous-total Terrassements et preparation | F14: =SUM(F9:F13) -> 306719.03
B16: I - FONDATION
A17: 1 | B17: Beton de proprete (dose a 150 kg/m3) | C17: m3 | D17: =Fondation!$G$154 -> 1.3985 | E17: =Sous_Detail_Prix!$E$20 -> 73744 | F17: =D17*E17 -> 103130.98
A18: 2 | B18: Beton arme dose a 350 kg/m3 (semelles + amorces) | C18: m3 | D18: =Fondation!$G$155 -> 0.5895 | E18: =Sous_Detail_Prix!$E$46 -> 273288.22 | F18: =D18*E18 -> 161103.41
A19: 3 | B19: Beton arme dose a 350 kg/m3 (longrine) | C19: m3 | D19: =Fondation!$G$164 -> 3.57 | E19: =Sous_Detail_Prix!$E$46 -> 273288.22 | F19: =D19*E19 -> 975638.95
A20: 4 | B20: Fondation en moellon | C20: m3 | D20: =Fondation!$G$156 -> 10.953 | E20: =Sous_Detail_Prix!$E$57 -> 43571.2 | F20: =D20*E20 -> 477235.35
A21: 5 | B21: Chape d'egalisation (dosee a 250 kg/m3) | C21: m3 | D21: =Fondation!$G$157 -> 1.217 | E21: =Sous_Detail_Prix!$E$32 -> 87920 | F21: =D21*E21 -> 106998.64
A22: 6 | B22: Beton de sous pavement (dose a 250 kg/m3) | C22: m3 | D22: =Fondation!$G$158 -> 6.89975 | E22: =Sous_Detail_Prix!$E$32 -> 87920 | F22: =D22*E22 -> 606626.02
A23: 7 | B23: Mur de soubassement en agglos pleins de 15 | C23: m2 | D23: =Fondation!$G$165 -> 36.51 | E23: =PU_MUR_SOUBASSEMENT -> 6045 | F23: =D23*E23 -> 220702.95
A24: Sous-total Fondation | F24: =SUM(F17:F23) -> 2651436.3
B26: II - RDC
A27: 1 | B27: Beton arme dose a 350 kg/m3 (poteaux) | C27: m3 | D27: =Elevation!$G$193 -> 1.44 | E27: =Sous_Detail_Prix!$E$46 -> 273288.22 | F27: =D27*E27 -> 393535.04
A28: 2 | B28: Beton arme dose a 350 kg/m3 (ceinture) | C28: m3 | D28: =Elevation!$G$195 -> 1.008 | E28: =Sous_Detail_Prix!$E$46 -> 273288.22 | F28: =D28*E28 -> 275474.53
A29: 3 | B29: Beton arme dose a 350 kg/m3 (linteaux et appuis) | C29: m3 | D29: =Elevation!$G$197 -> 0.2835 | E29: =Sous_Detail_Prix!$E$46 -> 273288.22 | F29: =D29*E29 -> 77477.21
A30: 4 | B30: Plancher dalle pleine (plancher haut RDC) | C30: m3 | D30: =Dalle!$H$12 -> 6.89975 | E30: =Sous_Detail_Prix!$E$46 -> 273288.22 | F30: =D30*E30 -> 1885620.4
A31: 5 | B31: Plancher hourdis 12+4 (plancher haut RDC) | C31: m2 | D31: =Dalle!$G$31 -> 0 | E31: =PU_HOURDIS_12_4 -> 9500 | F31: =D31*E31 -> 0
A32: 6 | B32: Maconnerie d'agglos creux de 15 cm | C32: m2 | D32: =Elevation!$G$200 -> 79.29 | E32: =Sous_Detail_Prix!$E$69 -> 6624.8428 | F32: =D32*E32 -> 525283.79
A33: 7 | B33: Enduits (interieurs + exterieurs) | C33: m2 | D33: =Elevation!$G$200*2 -> 158.58 | E33: =Sous_Detail_Prix!$E$78 -> 1805.6 | F33: =D33*E33 -> 286332.05
A34: 8 | B34: Scellement et calfeutrement des huisseries | C34: ml | D34: =21.5 -> 21.5 | E34: =PU_SCELLEMENT_HUISSERIE -> 500 | F34: =D34*E34 -> 10750
A35: 9 | B35: Dressement des tableaux | C35: ml | D35: =21.5 -> 21.5 | E35: =PU_DRESSEMENT_TABLEAUX -> 500 | F35: =D35*E35 -> 10750
A36: Sous-total RDC | F36: =SUM(F27:F35) -> 3465223
B38: III - ETAGE 1
A39: 1 | B39: Beton arme dose a 350 kg/m3 (poteaux) | C39: m3 | D39: =Elevation!$G$194 -> 1.344 | E39: =Sous_Detail_Prix!$E$46 -> 273288.22 | F39: =D39*E39 -> 367299.37
A40: 2 | B40: Beton arme dose a 350 kg/m3 (ceinture) | C40: m3 | D40: =Elevation!$G$196 -> 1.008 | E40: =Sous_Detail_Prix!$E$46 -> 273288.22 | F40: =D40*E40 -> 275474.53
A41: 3 | B41: Beton arme dose a 350 kg/m3 (linteaux et appuis) | C41: m3 | D41: =Elevation!$G$198 -> 0.2835 | E41: =Sous_Detail_Prix!$E$46 -> 273288.22 | F41: =D41*E41 -> 77477.21
A42: 4 | B42: Beton arme dose a 350 kg/m3 (escalier) | C42: m3 | D42: =Elevation!$G$199 -> 3.5 | E42: =Sous_Detail_Prix!$E$46 -> 273288.22 | F42: =D42*E42 -> 956508.77
A43: 5 | B43: Plancher dalle pleine (plancher haut Etage 1) | C43: m3 | D43: =Dalle!$H$39 -> 0 | E43: =Sous_Detail_Prix!$E$46 -> 273288.22 | F43: =D43*E43 -> 0
A44: 6 | B44: Plancher hourdis 12+4 (plancher haut Etage 1) | C44: m2 | D44: =Dalle!$G$58 -> 68.9975 | E44: =PU_HOURDIS_12_4 -> 9500 | F44: =D44*E44 -> 655476.25
A45: 7 | B45: Maconnerie d'agglos creux de 15 cm | C45: m2 | D45: =Elevation!$G$201 -> 64.5 | E45: =Sous_Detail_Prix!$E$69 -> 6624.8428 | F45: =D45*E45 -> 427302.36
A46: 8 | B46: Enduits (interieurs + exterieurs) | C46: m2 | D46: =Elevation!$G$201*2 -> 129 | E46: =Sous_Detail_Prix!$E$78 -> 1805.6 | F46: =D46*E46 -> 232922.4
A47: 9 | B47: Scellement et calfeutrement des huisseries | C47: ml | D47: =21.5 -> 21.5 | E47: =PU_SCELLEMENT_HUISSERIE -> 500 | F47: =D47*E47 -> 10750
A48: 10 | B48: Dressement des tableaux | C48: ml | D48: =21.5 -> 21.5 | E48: =PU_DRESSEMENT_TABLEAUX -> 500 | F48: =D48*E48 -> 10750
A49: Sous-total Etage 1 | F49: =SUM(F39:F48) -> 3013960.9
A51: Pour chaque plancher, une seule des deux lignes (dalle pleine ou hourdis) est normalement non nulle, selon ce qui a ete rempli dans la feuille Dalle.
B52: IV - TOITURE (charpente-couverture ou terrasse accessible)
A53: 1 | B53: Charpente bois | C53: m3 | D53: =Charpente_Couverture!$G$60 -> 1.3011138 | E53: =Sous_Detail_Prix!$E$115 -> 105733.33 | F53: =D53*E53 -> 137571.09
A54: 2 | B54: Couverture en toles | C54: m2 | D54: =Charpente_Couverture!$G$62 -> 86.7975 | E54: =Sous_Detail_Prix!$E$124 -> 8259.4 | F54: =D54*E54 -> 716895.27
A55: 3 | B55: Beton arme dose a 350 kg/m3 (chainage acrotere) | C55: m3 | D55: =Charpente_Couverture!$G$66 -> 0.756 | E55: =Sous_Detail_Prix!$E$46 -> 273288.22 | F55: =D55*E55 -> 206605.89
A56: 4 | B56: Maconnerie d'agglos (acrotere) | C56: m2 | D56: =Charpente_Couverture!$G$67 -> 20.16 | E56: =Sous_Detail_Prix!$E$69 -> 6624.8428 | F56: =D56*E56 -> 133556.83
A57: 5 | B57: Enduits acrotere | C57: m2 | D57: =Charpente_Couverture!$G$68 -> 40.32 | E57: =Sous_Detail_Prix!$E$78 -> 1805.6 | F57: =D57*E57 -> 72801.792
A58: 6 | B58: Forme de pente sur terrasse accessible | C58: m2 | D58: =Charpente_Couverture!$G$69 -> 68.9975 | E58: =PU_FORME_PENTE -> 3025 | F58: =D58*E58 -> 208717.44
A59: Sous-total Toiture | F59: =SUM(F53:F58) -> 1476148.3
A61: Ne remplissez que les lignes correspondant a votre choix de toiture (charpente+toles OU terrasse accessible) ; laissez l'autre a 0 dans les feuilles de calcul.
A63: TOTAL GROS OEUVRE | F63: =F14+F24+F36+F49+F59 -> 10913488
B65: V - SECOND OEUVRE (forfaits a completer)
A66: 1 | B66: Menuiseries RDC | C66: forfait | D66: 1 | E66: 0 | F66: =D66*E66 -> 0
A67: 2 | B67: Plomberie sanitaire RDC | C67: forfait | D67: 1 | E67: 0 | F67: =D67*E67 -> 0
A68: 3 | B68: Electricite RDC | C68: forfait | D68: 1 | E68: 0 | F68: =D68*E68 -> 0
A69: 4 | B69: Revetement - carrelage RDC | C69: forfait | D69: 1 | E69: 0 | F69: =D69*E69 -> 0
A70: 5 | B70: Peinture RDC | C70: forfait | D70: 1 | E70: 0 | F70: =D70*E70 -> 0
A71: 6 | B71: Amenagement exterieur | C71: forfait | D71: 1 | E71: 0 | F71: =D71*E71 -> 0
A72: 7 | B72: Menuiseries Etage 1 | C72: forfait | D72: 1 | E72: 0 | F72: =D72*E72 -> 0
A73: 8 | B73: Plomberie sanitaire Etage 1 | C73: forfait | D73: 1 | E73: 0 | F73: =D73*E73 -> 0
A74: 9 | B74: Electricite Etage 1 | C74: forfait | D74: 1 | E74: 0 | F74: =D74*E74 -> 0
A75: 10 | B75: Revetement - carrelage Etage 1 | C75: forfait | D75: 1 | E75: 0 | F75: =D75*E75 -> 0
A76: 11 | B76: Peinture Etage 1 | C76: forfait | D76: 1 | E76: 0 | F76: =D76*E76 -> 0
A77: 12 | B77: Etancheite terrasse | C77: forfait | D77: 1 | E77: 0 | F77: =D77*E77 -> 0
... A81: 16 | B81: Peinture terrasse | C81: forfait | D81: 1 | E81: 0 | F81: =D81*E81 -> 0
A82: Sous-total Second oeuvre | F82: =SUM(F66:F81) -> 0
A84: Renseignez en bleu le montant forfaitaire de chaque lot de second oeuvre (menuiserie, plomberie, electricite...), sur devis de vos sous-traitants ou fournisseurs : ce classeur ne les calcule pas a partir d'un metre.
A86: MONTANT TOTAL PROJET HT | F86: =F63+F82 -> 10913488
B87: TVA | D87: =PU_TVA -> 0.18 | F87: =F86*D87 -> 1964427.8
A89: MONTANT TOTAL PROJET TTC | F89: =F86+F87 -> 12877915
A90: NET A PAYER | F90: =F89 -> 12877915
